:020000040800F2
:1000000000000220E17500082D7400082F7400081C
:1000100031740008337400083574000800000000D3
:10002000000000000000000000000000377400081D
:1000300039740008000000003B7400083D7400089B
:1000400031760008317600083176000831760008F4
:1000500031760008317600083176000831760008E4
:1000600031760008317600083176000845740008C2
:10007000557400083176000865740008757400082E
:1000800085740008957400083176000800000000AF
:1000900000000000000000000000000031760008B1
:1000A0003176000831760008317600083176000894
:1000B00031760008A5740008B57400083176000890
:1000C000317600083176000831760008C5740008E2
:1000D000D574000831760008E574000800000000BF
:1000E0003176000831760008317600080000000003
:1000F0000000000000000000000000003176000851
:10010000000000003176000831760008F574000820
:1001100000000000000000000000000000000000DF
:10012000057500083176000831760008157500085D
:100130003176000800000000000000000000000010
:100140000000000000000000000000003176000800
:1001500031760008317600083176000831760008E3
:10016000257500083575000800000000000000003B
:10017000000000000000000000000000000000007F
:1001800000000000317600080000000000000000C0
:080190004575000831760008F6
:1001A00010B5054C237833B9044B13B10448AFF3B1
:1001B00000800123237010BDF0010020000000002A
:1001C0001CDF000808B5034B1BB103490348AFF31C
:1001D000008008BD00000000F40100201CDF0008C2
:1001E0004B1C012B98BF70472DE9F003911C9B0815
:1001F000B1F80480B1F802900A8831F802CC80444A
:10020000814402448444D9F80070D8F8006015682D
:10021000DCF80040C9F80060C8F80070CCF8005065
:100220001460D9F80470D8F804605568DCF804400C
:10023000C9F80460C8F80470CCF804505460083160
:10024000013BD5D1BDE8F00370474B1C012B98BF93
:1002500070472DE9F003911C9B08B1F80480B1F8B8
:1002600002900A8831F802CC00EB580800EB5909DB
:1002700000EB520200EB5C0CD9F80070D8F800607B
:100280001568DCF80040C9F80060C8F80070CCF8C8
:10029000005014600831013BDFD1BDE8F003704726
:1002A00081F0004102E000BF83F0004330B54FEA27
:1002B00041044FEA430594EA050F08BF90EA020F94
:1002C0001FBF54EA000C55EA020C7FEA645C7FEA27
:1002D000655C00F0E2804FEA5454D4EB5555B8BF4A
:1002E0006D420CDD2C4480EA020281EA030382EABB
:1002F000000083EA010180EA020281EA0303362D4D
:1003000088BF30BD11F0004F4FEA01314FF4801C1F
:100310004CEA113102D0404261EB410113F0004F31
:100320004FEA03334CEA133302D0524263EB4303E8
:1003300094EA050F00F0A780A4F10104D5F1200E86
:100340000DDB02FA0EFC22FA05F2801841F10001E1
:1003500003FA0EF2801843FA05F359410EE0A5F1B5
:1003600020050EF1200E012A03FA0EFC28BF4CF0E6
:10037000020C43FA05F3C01851EBE37101F000459C
:1003800007D54FF0000EDCF1000C7EEB00006EEBA9
:100390000101B1F5801F1BD3B1F5001F0CD3490833
:1003A0005FEA30004FEA3C0C04F101044FEA44528A
:1003B00012F5800F80F09A80BCF1004F08BF5FEA11
:1003C000500C50F1000041EB045141EA050130BDF1
:1003D0005FEA4C0C404141EB010111F4801FA4F194
:1003E0000104E9D191F0000F04BF01460020B1FAE9
:1003F00081F308BF2033A3F10B03B3F120020CDA21
:100400000C3208DD02F1140CC2F10C0201FA0CF0FE
:1004100021FA02F10CE002F11402D8BFC2F1200C63
:1004200001FA02F120FA0CFCDCBF41EA0C01904019
:10043000E41AA2BF01EB0451294330BD6FEA040462
:100440001F3C1CDA0C340EDC04F11404C4F120024D
:1004500020FA04F001FA02F340EA030021FA04F35F
:1004600045EA030130BDC4F10C04C4F1200220FAB6
:1004700002F001FA04F340EA0300294630BD21FAF4
:1004800004F0294630BD94F0000F83F4801306BFBA
:1004900081F480110134013D4EE77FEA645C18BFAE
:1004A0007FEA655C29D094EA050F08BF90EA020F45
:1004B00005D054EA000C04BF1946104630BD91EA3D
:1004C000030F1EBF0021002030BD5FEA545C05D140
:1004D0004000494128BF41F0004130BD14F580047F
:1004E0003CBF01F5801130BD01F0004545F0FE41F3
:1004F00041F470014FF0000030BD7FEA645C1ABF28
:10050000194610467FEA655C1CBF0B46024650EA5E
:10051000013406BF52EA033591EA030F41F400218A
:1005200030BD00BF90F0000F04BF0021704730B510
:100530004FF4806404F132044FF000054FF00001E5
:1005400050E700BF90F0000F04BF0021704730B5A6
:100550004FF4806404F1320410F0004548BF40427B
:100560004FF000013EE700BF42004FEAE2014FEAD0
:1005700031014FEA02701FBF12F07F4393F07F4FAB
:1005800081F06051704732F07F4208BF704793F0AE
:100590007F4F04BF41F40021704730B54FF46074C1
:1005A00001F0004521F000411CE700BF50EA0102C4
:1005B00008BF704730B54FF000050AE050EA01026D
:1005C00008BF704730B511F0004502D5404261EBDD
:1005D00041014FF4806404F132045FEA915C3FF41E
:1005E000D8AE4FF003025FEADC0C18BF03325FEABB
:1005F000DC0C18BF033202EBDC02C2F1200300FA6C
:1006000003FC20FA02F001FA03FE40EA0E0021FA90
:1006100002F11444BDE600BF70B54FF0FF0C4CF47E
:10062000E06C1CEA11541DBF1CEA135594EA0C0F30
:1006300095EA0C0F00F0DEF82C4481EA030621EA6B
:100640004C5123EA4C5350EA013518BF52EA0335A6
:1006500041F4801143F4801338D0A0FB02CE4FF058
:100660000005E1FB02E506F00042E0FB03E54FF088
:100670000006E1FB03569CF0000F18BF4EF0010E80
:10068000A4F1FF04B6F5007F64F5407404D25FEA7C
:100690004E0E6D4146EB060642EAC62141EA55512F
:1006A0004FEAC52040EA5E504FEACE2EB4F1FD0C71
:1006B00088BFBCF5E06F1ED8BEF1004F08BF5FEAEF
:1006C000500E50F1000041EB045170BD06F00046A1
:1006D00046EA010140EA020081EA0301B4EB5C044E
:1006E000C2BFD4EB0C0541EA045170BD41F4801146
:1006F0004FF0000E013C00F3AB8014F1360FDEBF6B
:10070000002001F0004170BDC4F10004203C35DA46
:100710000C341BDC04F11404C4F1200500FA05F3C9
:1007200020FA04F001FA05F240EA020001F000426A
:1007300021F0004110EBD37021FA04F642EB0601E0
:100740005EEA430E08BF20EAD37070BDC4F10C040A
:10075000C4F1200500FA04F320FA05F001FA04F2CE
:1007600040EA020001F0004110EBD37041F10001BA
:100770005EEA430E08BF20EAD37070BDC4F12005C5
:1007800000FA05F24EEA020E20FA04F301FA05F22D
:1007900043EA020321FA04F001F0004121FA04F2D5
:1007A00020EA020000EBD3705EEA430E08BF20EAA5
:1007B000D37070BD94F0000F0FD101F000464000DF
:1007C00041EB010111F4801F08BF013CF7D041EA61
:1007D000060195F0000F18BF704703F00046520065
:1007E00043EB030313F4801F08BF013DF7D043EA36
:1007F0000603704794EA0C0F0CEA135518BF95EAEC
:100800000C0F0CD050EA410618BF52EA4306D1D172
:1008100081EA030101F000414FF0000070BD50EA91
:10082000410606BF1046194652EA430619D094EA1B
:100830000C0F02D150EA013613D195EA0C0F05D105
:1008400052EA03361CBF104619460AD181EA030159
:1008500001F0004141F0FE4141F470014FF0000011
:1008600070BD41F0FE4141F4780170BD70B54FF0AC
:10087000FF0C4CF4E06C1CEA11541DBF1CEA13552C
:1008800094EA0C0F95EA0C0F00F0A7F8A4EB05040E
:1008900081EA030E52EA03354FEA013100F0888005
:1008A0004FEA03334FF0805545EA131343EA1263CE
:1008B0004FEA022245EA111545EA10654FEA002683
:1008C0000EF000419D4208BF964244F1FD0404F53C
:1008D000407402D25B084FEA3202B61A65EB030598
:1008E0005B084FEA32024FF480104FF4002CB6EB55
:1008F000020E75EB030E22BFB61A754640EA0C00D5
:100900005B084FEA3202B6EB020E75EB030E22BF14
:10091000B61A754640EA5C005B084FEA3202B6EB55
:10092000020E75EB030E22BFB61A754640EA9C0014
:100930005B084FEA3202B6EB020E75EB030E22BFE4
:10094000B61A754640EADC0055EA060E18D04FEAA2
:10095000051545EA16754FEA06164FEAC30343EA42
:1009600052734FEAC2025FEA1C1CC0D111F4801F0F
:100970000BD141EA00014FF000004FF0004CB6E708
:1009800011F4801F04BF01430020B4F1FD0C88BFA7
:10099000BCF5E06F3FF6AFAEB5EB030C04BFB6EBB2
:1009A000020C5FEA500C50F1000041EB045170BDA5
:1009B0000EF0004E4EEA113114EB5C04C2BFD4EBD2
:1009C0000C0541EA045170BD41F480114FF0000E56
:1009D000013C90E645EA060E8DE60CEA135594EAD2
:1009E0000C0F08BF95EA0C0F3FF43BAF94EA0C0FD5
:1009F0000AD150EA01347FF434AF95EA0C0F7FF44A
:100A000025AF104619462CE795EA0C0F06D152EA9D
:100A100003353FF4FDAE1046194622E750EA410681
:100A200018BF52EA43067FF4C5AE50EA41047FF492
:100A30000DAF52EA43057FF4EBAE12E74FF0FF3CF7
:100A400006E000BF4FF0010C02E000BF4FF0010CC8
:100A50004DF804CD4FEA410C7FEA6C5C4FEA430C41
:100A600018BF7FEA6C5C1BD001B050EA410C0CBF90
:100A700052EA430C91EA030F02BF90EA020F0020F2
:100A8000704710F1000F91EA030F58BF994208BF59
:100A900090422CBFD8176FEAE37040F00100704716
:100AA0004FEA410C7FEA6C5C02D150EA013C07D16D
:100AB0004FEA430C7FEA6C5CD6D152EA033CD3D0B8
:100AC0005DF8040B704700BF8446104662468C46B2
:100AD0001946634600E000BF01B5FFF7B7FF0028E5
:100AE00048BF10F1000F01BD4DF808EDFFF7F4FF0E
:100AF0000CBF012000205DF808FB00BF4DF808ED99
:100B0000FFF7EAFF34BF012000205DF808FB00BFBB
:100B10004DF808EDFFF7E0FF94BF012000205DF8DD
:100B200008FB00BF4DF808EDFFF7CEFF94BF012092
:100B300000205DF808FB00BF4DF808EDFFF7C4FF8B
:100B400034BF012000205DF808FB00BF4FEA410CD4
:100B50007FEA6C5C02D150EA013C0AD14FEA430CB7
:100B60007FEA6C5C02D152EA033C02D14FF00000F4
:100B700070474FF0010070474FEA410212F5001232
:100B800015D211D56FF47873B3EB625212D94FEAD4
:100B9000C12343F0004343EA505311F0004F23FABE
:100BA00002F018BF404270474FF00000704750EA13
:100BB000013005D111F0004008BF6FF000407047D0
:100BC0004FF00000704700BF4A0011D212F500122A
:100BD00011D20DD56FF47873B3EB62520ED44FEA95
:100BE000C12343F0004343EA505323FA02F0704715
:100BF0004FF00000704750EA013002D14FF0FF3053
:100C000070474FF0000070474FEA4102B2F1E043F5
:100C100024BFB3F5001CDCF1FE5C0DD901F0004CE3
:100C20004FEAC0024CEA5070B2F1004F40EB830033
:100C300008BF20F00100704711F0804F21D113F15F
:100C40003872BCBF01F00040704741F480114FEA98
:100C50005252C2F11802C2F1200C10FA0CF320FA21
:100C600002F018BF40F001004FEAC1234FEAD3233E
:100C700003FA0CFC40EA0C0023FA02F34FEA4303A8
:100C8000CCE77FEA625307D150EA01331EBF4FF031
:100C9000FE4040F44000704701F0004040F0FE404C
:100CA00040F40000704700BF80F0004002E000BF49
:100CB00081F0004142001FBF5FEA410392EA030F47
:100CC0007FEA226C7FEA236C6AD04FEA1262D2EB91
:100CD0001363C1BFD218414048404140B8BF5B4296
:100CE000192B88BF704710F0004F40F4000020F02F
:100CF0007F4018BF404211F0004F41F4000121F045
:100D00007F4118BF494292EA030F3FD0A2F101028E
:100D100041FA03FC10EB0C00C3F1200301FA03F1CC
:100D200000F0004302D5494260EB4000B0F5000FEF
:100D300013D3B0F1807F06D340084FEA310102F1AE
:100D40000102FE2A51D2B1F1004F40EBC25008BF60
:100D500020F0010040EA03007047490040EB00002A
:100D600010F4000FA2F10102EDD1B0FA80FCACF159
:100D7000080CB2EB0C0200FA0CF0AABF00EBC25058
:100D800052421843BCBFD0401843704792F0000F46
:100D900081F4000106BF80F400000132013BB5E799
:100DA0004FEA41037FEA226C18BF7FEA236C21D00F
:100DB00092EA030F04D092F0000F08BF0846704774
:100DC00090EA010F1CBF0020704712F07F4F04D142
:100DD000400028BF40F00040704712F100723CBF55
:100DE00000F50000704700F0004343F0FE4040F47F
:100DF000000070477FEA226216BF08467FEA23633D
:100E00000146420206BF5FEA412390EA010F40F427
:100E1000800070474FF0000304E000BF10F0004373
:100E200048BF40425FEA000C08BF704743F096435A
:100E300001464FF000001CE050EA010208BF704775
:100E40004FF000030AE000BF50EA010208BF7047FC
:100E500011F0004302D5404261EB41015FEA010C11
:100E600002BF84460146002043F0B64308BFA3F109
:100E70008053A3F50003BCFA8CF2083AA3EBC253EB
:100E800010DB01FA02FC634400FA02FCC2F120020A
:100E9000BCF1004F20FA02F243EB020008BF20F041
:100EA0000100704702F1200201FA02FCC2F12002A7
:100EB00050EA4C0021FA02F243EB020008BF20EA9C
:100EC000DC7070474FF0FF0C1CEAD0521EBF1CEACA
:100ED000D15392EA0C0F93EA0C0F6FD01A4480EAB8
:100EE000010C400218BF5FEA41211ED04FF00063A1
:100EF00043EA501043EA5111A0FB01310CF00040CD
:100F0000B1F5000F3EBF490041EAD3715B0040EAF2
:100F1000010062F17F02FD2A1DD8B3F1004F40EBC2
:100F2000C25008BF20F00100704790F0000F0CF095
:100F3000004C08BF49024CEA502040EA51207F3A59
:100F4000C2BFD2F1FF0340EAC250704740F4000034
:100F50004FF00003013A5DDC12F1190FDCBF00F025
:100F600000407047C2F10002410021FA02F1C2F1D3
:100F7000200200FA02FC5FEA310040F1000053EA6F
:100F80004C0308BF20EADC70704792F0000F00F0BD
:100F9000004C02BF400010F4000F013AF9D040EAC3
:100FA0000C0093F0000F01F0004C02BF490011F457
:100FB000000F013BF9D041EA0C018FE70CEAD15355
:100FC00092EA0C0F18BF93EA0C0F0AD030F0004CD5
:100FD00018BF31F0004CD8D180EA010000F0004089
:100FE000704790F0000F17BF90F0004F084691F047
:100FF000000F91F0004F14D092EA0C0F01D1420281
:101000000FD193EA0C0F03D14B0218BF084608D149
:1010100080EA010000F0004040F0FE4040F4000093
:10102000704740F0FE4040F4400070474FF0FF0C26
:101030001CEAD0521EBF1CEAD15392EA0C0F93EA6D
:101040000C0F69D0A2EB030280EA010C49024FEABF
:10105000402037D04FF0805343EA111143EA101378
:101060000CF000408B4238BF5B0042F17D024FF430
:10107000000C8B4224BF5B1A40EA0C00B3EB510F0B
:1010800024BFA3EB510340EA5C00B3EB910F24BFF4
:10109000A3EB910340EA9C00B3EBD10F24BFA3EB79
:1010A000D10340EADC001B0118BF5FEA1C1CE0D141
:1010B000FD2A3FF650AF8B4240EBC25008BF20F0F4
:1010C000010070470CF0004C4CEA50207F32C2BF48
:1010D000D2F1FF0340EAC250704740F400004FF0E5
:1010E0000003013A37E792F0000F00F0004C02BF16
:1010F000400010F4000F013AF9D040EA0C0093F0E0
:10110000000F01F0004C02BF490011F4000F013B39
:10111000F9D041EA0C0195E70CEAD15392EA0C0FA1
:1011200008D142027FF47DAF93EA0C0F7FF470AFD9
:10113000084676E793EA0C0F04D14B023FF44CAF1C
:1011400008466EE730F0004C18BF31F0004CCAD1B1
:1011500030F000427FF45CAF31F000437FF43CAFED
:101160005FE700BF4FF0FF3C06E000BF4FF0010C0F
:1011700002E000BF4FF0010C4DF804CD4FEA4002F1
:101180004FEA41037FEA226C18BF7FEA236C11D03B
:1011900001B052EA530C18BF90EA010F58BFB2EBEE
:1011A000030088BFC81738BF6FEAE17018BF40F06E
:1011B000010070477FEA226C02D15FEA402C05D122
:1011C0007FEA236CE4D15FEA412CE1D05DF8040BA7
:1011D000704700BF844608466146FFE70FB5FFF73A
:1011E000C9FF002848BF10F1000F0FBD4DF808EDF2
:1011F000FFF7F4FF0CBF012000205DF808FB00BFE3
:101200004DF808EDFFF7EAFF34BF012000205DF83C
:1012100008FB00BF4DF808EDFFF7E0FF94BF012089
:1012200000205DF808FB00BF4DF808EDFFF7D2FF86
:1012300094BF012000205DF808FB00BF4DF808EDC9
:10124000FFF7C8FF34BF012000205DF808FB00BF96
:101250004FEA4002B2F1FE4F0FD34FF09E03B3EBC3
:1012600012620DD94FEA002343F0004310F0004F03
:1012700023FA02F018BF404270474FF00000704759
:1012800012F1610F01D1420205D110F0004008BFF8
:101290006FF0004070474FF00000704742000ED2E0
:1012A000B2F1FE4F0BD34FF09E03B3EB126209D4A1
:1012B0004FEA002343F0004323FA02F070474FF057
:1012C0000000704712F1610F01D1420202D14FF0CC
:1012D000FF3070474FF00000704700BF53B94AB964
:1012E000002908BF00281CBF4FF0FF314FF0FF302E
:1012F00000F072B9ADF1080C6DE904CE00F006F80B
:10130000DDF804E0DDE9022304B070472DE9F04781
:10131000089E04468846002B4BD18A42154667D961
:10132000B2FA82F24AB1C2F1200701FA02F320FABE
:1013300007F7954047EA030894404FEA154E230CFF
:10134000B8FBFEF71FFA85FC0EFB178843EA08433B
:1013500007FB0CF1994209D9EB1807F1FF3080F037
:101360001B81994240F21881023F2B445B1AA4B2C0
:10137000B3FBFEF00EFB103344EA034400FB0CFC0D
:10138000A44509D92C1900F1FF3380F00781A44549
:1013900040F2048102382C4440EA0740A4EB0C04DC
:1013A00000271EB1D4400023C6E900433946BDE8FA
:1013B000F0878B4209D9002E00F0EB800027C6E9A8
:1013C000000138463946BDE8F087B3FA83F7002FAD
:1013D00047D18B4202D3824200F2FA80841A61EB39
:1013E000030301209846002EE0D0C6E90048DDE75F
:1013F00002B9FFDEB2FA82F2002A40F08F80491B68
:101400004FEA154E1FFA85F80127B1FBFEFC230CAD
:101410000EFB1C1143EA014308FB0CF1994207D96A
:10142000EB180CF1FF3002D2994200F2CD808446D5
:10143000591AA3B2B1FBFEF00EFB101443EA0444A8
:1014400008FB00F8A04507D92C1900F1FF3302D2A0
:10145000A04500F2B6801846A4EB080440EA0C4010
:101460009FE7C7F1200CBB4022FA0CFE4EEA030EA8
:1014700001FA07F420FA0CF521FA0CF34FEA1E48A2
:101480002543B3FBF8F92C0C08FB19331FFA8EFA2D
:1014900044EA034309FB0AF49C4202FA07F200FA09
:1014A00007F10BD91EEB030309F1FF3080F08780B1
:1014B0009C4240F28480A9F1020973441B1BADB227
:1014C000B3FBF8F008FB103345EA034400FB0AFACB
:1014D000A24508D91EEB040400F1FF336BD2A245EC
:1014E00069D90238744440EA0940A0FB0289A4EBA0
:1014F0000A044C45C2464B4654D351D0002E69D005
:10150000B1EB0A0564EB030404FA0CFCFD40FC405B
:101510004CEA0505C6E90054002747E7C2F120035D
:1015200020FA03F7954001FA02F021FA03F34FEA9B
:10153000154E3843010CB3FBFEF71FFA85F80EFB7E
:10154000173341EA034107FB08F38B4204FA02F424
:1015500007D9691807F1FF3C2FD28B422DD9023FE2
:101560002944CB1A81B2B3FBFEF00EFB103341EAE3
:10157000034100FB08F38B4207D9691800F1FF3CD7
:1015800017D28B4215D902382944C91A40EA0747B5
:101590003BE73746304609E70746E7E61846FBE6ED
:1015A0004145ABD2B8EB020A69EB0E020138134693
:1015B000A4E76046E9E7184695E76746D1E7814624
:1015C0007CE702382C4447E7ACF1020C2B442FE7B0
:1015D000384608E73746E9E6704700BF034613F888
:1015E000012B002AFBD1181A0138704700000000B7
:1015F00001F0FF01102A2BDB10F0070F08D010F8C4
:10160000013B013A8B422DD010F0070F42B3F6D1C7
:10161000F0B441EA012141EA014122F007047FF0E0
:1016200000070023F0E80256083C85EA010586EA37
:10163000010685FA47F5A3FA87F586FA47F6A5FA73
:1016400087F68EB9EED1F0BC01F0FF0102F007027F
:1016500032B110F8013B013A83EA010313B1F8D12A
:101660000020704701387047002D06BF354603380B
:10167000073815F0010F07D1013015F4807F02BF44
:10168000013015F4C03F0130F0BC0138704700BF95
:1016900010B504460E4B18784FF47A73B3FBF0F391
:1016A0000C4A1068B0FBF3F000F060FB68B90F2C37
:1016B00001D901200AE0002221464FF0FF3000F05E
:1016C00001FB054B1C60002000E0012010BD00BFA5
:1016D00000000020180000200400002008B50B4B7B
:1016E0001A6842F400721A601A6842F480621A6042
:1016F0001A6842F480721A60032000F0D1FA0020C8
:10170000FFF7C6FF05F0F2FA002008BD003C0240DA
:10171000034A1168034B1B780B441360704700BFEA
:101720002818002000000020014B1868704700BFF7
:101730002818002038B50446FFF7F6FF0546B4F137
:10174000FF3F02D0044B1B781C44FFF7EDFF401B0A
:10175000A042FAD338BD00BF000000204A4B5A68AF
:1017600022F440325A605A6841680A435A6002685B
:10177000536823F48073536002685368016943EA35
:10178000012353600268536823F04073536002687A
:10179000536881680B4353600268936823F40063C5
:1017A000936002689368C1680B439360826A374B09
:1017B0009A424BD00268936823F07063936002688A
:1017C0009368816A0B4393600268936823F04053E7
:1017D000936002689368C16A0B43936002689368E0
:1017E00023F00203936002689368017E43EA410399
:1017F000936090F82030002B33D10268536823F4B3
:10180000006353600268D36A23F47003D3620168F3
:10181000CB6AC269013A43EA0253CB620268936819
:1018200023F4007393600268936890F8301043EAE1
:10183000412393600268936823F480639360026895
:101840009368416943EA8123936070470268936813
:1018500023F0706393600268936823F040539360B1
:10186000BCE70268536843F400635360026853683E
:1018700023F46043536001684B68426A013A43EACB
:1018800042334B60BEE700BF002301400100000F60
:1018900038B310B50446036C43B1236C13F0100F3A
:1018A0000BD00120002384F83C3010BD05F03EFA37
:1018B0000023636484F83C30EFE7236C23F48853FF
:1018C00023F0020343F0020323642046FFF746FFA0
:1018D00000206064236C23F0030343F001032364BE
:1018E000E0E701207047000082B00023019390F8E8
:1018F0003C30012B6ED0012380F83C3003689A689D
:1019000012F0010F13D19A6842F001029A60344B31
:101910001B68344AA2FB03239B0C03EB4303019394
:1019200002E0019B013B0193019B002BF9D102686E
:10193000936813F0010F42D0036C23F4E06323F0AB
:10194000010343F480730364536813F4806F05D07C
:10195000036C23F4405343F480530364036C13F487
:10196000805F19D0436C23F006034364002380F8A2
:101970003C306FF0220313601B4B5B6813F01F0FAA
:101980000DD103689A6812F0405F25D19A6842F041
:1019900080429A6000201BE000234364E6E703686E
:1019A000124A934201D0002012E09A6812F0405F80
:1019B00014D19A6842F080429A60002008E0036CDB
:1019C00043F010030364436C43F0010343640020BD
:1019D00002B070470220FBE70020F9E70020F7E79C
:1019E0001800002083DE1B4300230140002001403B
:1019F00090F83C30012B19D0012380F83C3002686C
:101A0000936823F00103936003689B6813F0010F50
:101A100007D1036C23F4885323F0010343F001033F
:101A20000364002380F83C3018467047022070475A
:101A300003689A6812F4806F03D09B6813F4807F68
:101A40001CD170B50D460446FFF76EFE06462368AE
:101A50001A6812F0020F20D1B5F1FF3FF7D0B5B9E7
:101A600023681B6813F0020FF1D1236C43F00403C9
:101A70002364002384F83C30032033E0036C43F0FC
:101A800020030364002380F83C3001207047FFF7F7
:101A90004BFE801BA842DAD9E2E76FF012021A600F
:101AA000236C43F40073236423689A6812F0405F48
:101AB00017D1227EBAB9DA6A12F4700F03D09B688C
:101AC00013F4806F11D1236C23F480732364236C8F
:101AD00013F4805F0BD1236C43F0010323640020D7
:101AE00000E0002070BD0020FCE70020FAE70020A5
:101AF000F8E70368D86C704730B482B000230193D4
:101B000090F83C30012B00F0BD80012380F83C3080
:101B10000B68092B3ED90568EA689BB203EB4303C7
:101B20001E3B072404FA03F322EA0303EB60056873
:101B3000EA688C680B8803EB43031E3B04FA03F34B
:101B40001343EB604B68062B3AD805686A6B03EBCE
:101B50008303053B1F2404FA03F322EA03036B63A8
:101B600005686A6B4B6803EB8303053B0C8804FA3A
:101B700003F313436B630268434B9A4250D00268ED
:101B8000414B9A4259D0002380F83C30184602B0AD
:101B900030BC704705682A699BB203EB43030724F6
:101BA00004FA03F322EA03032B6105682A698C68AF
:101BB0000B8803EB430304FA03F313432B61C1E7E0
:101BC0000C2B16D805682A6B03EB8303233B1F24D9
:101BD00004FA03F322EA03032B6305682A6B4B68BC
:101BE00003EB8303233B0C8804FA03F313432B63B7
:101BF000C1E70568EA6A03EB8303413B1F2404FA4B
:101C000003F322EA0303EB620568EA6A4B6803EB1D
:101C10008303413B0C8804FA03F31343EB62AAE706
:101C20000B68122BABD1194B5A6822F400025A6090
:101C30005A6842F480025A60A1E70B68144A934242
:101C400001D0112B9FD1114B5A6822F480025A60A7
:101C50005A6842F400025A600A680D4B9A4292D1C7
:101C60000C4B1B680C4AA2FB03239B0C03EB830366
:101C70005A00019202E0019B013B0193019B002B62
:101C8000F9D180E7022082E70020014000230140D3
:101C9000120000101800002083DE1B43006C704708
:101CA000074AD36823F4E0631B041B0C000200F412
:101CB000E060184340F0BF6040F40030D0607047EF
:101CC00000ED00E030B4174BDB68C3F30223C3F12F
:101CD0000704042C28BF04241D1D062D18D9033B1E
:101CE0004FF0FF3505FA04F421EA0401994005FAA2
:101CF00003F322EA0303194300280BDB0901C9B2ED
:101D000000F1604000F5614080F8001330BC70477E
:101D10000023E5E700F00F000901C9B2024B195496
:101D2000F4E700BF00ED00E014ED00E0002807DB61
:101D300000F01F02400901239340024A42F820307C
:101D4000704700BF00E100E000280CDB00F01F023C
:101D50004009012393402030034A42F82030BFF36A
:101D60004F8FBFF36F8F704700E100E00138B0F193
:101D7000807F0AD2064B5860064AF02182F8231071
:101D80000020986007221A6070470120704700BF4A
:101D900010E000E000ED00E030B405682C6824F4A9
:101DA00080242C60046863608368402B05D003683E
:101DB00099600368DA6030BC704703689A60036812
:101DC000D960F8E70268D3B2103B0B49A1FB0313BB
:101DD0001B090A49C95CC165032B06D822F47F722E
:101DE00022F003028265806D704722F47F7222F038
:101DF000030204328265F6E7ABAAAAAA38DF00081C
:101E0000836A826992B9012B0AD01BB1022B01D0DF
:101E100000207047C36A13F0807F2CD100207047E8
:101E2000C36AB3F1C07F28D000207047B2F5005FCD
:101E300005D0022B29D9032B15D000207047032B86
:101E400003D8DFE803F01C041C0A00207047C36AB3
:101E500013F0807F15D100207047C36AB3F1C07FB3
:101E600011D000207047C36A13F0807F01D0012099
:101E70007047002070470120704701207047012003
:101E80007047012070470120704701207047000013
:101E900070B50446FFF748FC002C5BD005460023D4
:101EA00084F83430022384F835302268136823F034
:101EB0000103136023681A6812F0010F0AD0FFF7BC
:101EC00033FC401B0528F5D920236365032084F8E3
:101ED000350070BD1A68204810406168A2680A4346
:101EE000E1680A4321690A4361690A43A1690A4317
:101EF000E1690A43216A0A430243616A04291ED048
:101F00001A602668756925F00705636A1D43042B6E
:101F100007D1A36A1D43E36A1BB12046FFF770FF98
:101F200090B975612046FFF74DFFE26D3F23934066
:101F3000836000206065012384F83530C9E7E16AD9
:101F4000206B01430A43DBE740236365012084F8EB
:101F50003500BEE70120BCE73F8010F038B5856D45
:101F600090F83440012C2CD0012480F8344090F8B3
:101F70003540E4B2012C04D0002380F83430022034
:101F800038BD0446022084F83500002060652046F4
:101F9000FFF702FFE26D3F239340AB6022681368B6
:101FA00043F016031360236C23B12268136843F0D7
:101FB000080313602268136843F0010313600020D4
:101FC000DEE70220DCE770B50446866DFFF7ACFB68
:101FD00094F83530DBB2022B06D0802363650023F2
:101FE00084F83430012070BD05462268136823F060
:101FF000160313602268536923F080035361236C36
:10200000E3B12268136823F00803136022681368A1
:1020100023F00103136023681B6813F0010F11D034
:10202000FFF782FB401B0528F5D9202363650023B9
:1020300084F83430032084F83500D4E7A36C002BF7
:10204000DFD1E3E7E26D3F239340B360002084F8E3
:102050003400012384F83530C5E790F83530DBB221
:10206000022B03D08023436501207047052380F8AD
:1020700035300268136823F00103136000207047B5
:10208000F0B583B0044600230193724B1D68724B78
:10209000A3FB0535AD0A876D3E68C26D08239340EA
:1020A000334210D003681A6812F0040F0BD01A687C
:1020B00022F004021A60C26D08239340BB60436D96
:1020C00043F001034365E26D01239340334209D09D
:1020D0002268526912F0800F04D0BB60636D43F038
:1020E00002036365E26D04239340334209D0226802
:1020F000126812F0020F04D0BB60636D43F004035A
:102100006365E26D10239340334224D02268126845
:1021100012F0080F1FD0BB6023681A6812F4802FDA
:102120000DD01B6813F4002F04D1236C9BB1204603
:10213000984710E0A36C73B1204698470BE01A68EB
:1021400012F4807F03D11A6822F008021A60236C0F
:102150000BB120469847E26D20239340334255D07F
:102160002268126812F0100F50D0BB6094F835301E
:10217000DBB2052B0ED023681A6812F4802F33D0FF
:102180001B6813F4002F2AD1636C002B3ED020462D
:1021900098473BE02268136823F016031360226817
:1021A000536923F080035361236CA3B12268136841
:1021B00023F008031360E26D3F239340BB600023CC
:1021C00084F83430012384F83530236D002B3FD060
:1021D000204698473CE0A36C002BE7D1EBE7E36B8C
:1021E000A3B12046984711E01A6812F4807F09D104
:1021F0001A6822F010021A60002384F83430012398
:1022000084F83530E36B0BB120469847636DFBB122
:10221000636D13F0010F17D0052384F83530226861
:10222000136823F001031360019B01330193AB4258
:1022300004D823681B6813F0010FF5D1002384F83C
:102240003430012384F83530E36C0BB120469847D5
:1022500003B0F0BD18000020B5814E1B90F835008A
:102260007047000000230F2B00F2CA80F0B482B048
:102270005DE086685F000324BC4026EA0406CC6863
:10228000BC4034438460466826EA02064C68C4F3C6
:1022900000129A403243426056E0DC08083450F89D
:1022A000247003F0070296000F22B24027EA0207CB
:1022B0000A69B2403A4340F8242059E0042200E081
:1022C0000022B2403A4302344E4E46F824204E4A91
:1022D0001468EA4302EA04064F6817F4803F01D00D
:1022E00045EA0406484C2660646802EA04064F6822
:1022F00017F4003F01D045EA0406434C6660A46829
:1023000002EA04064F6817F4801F01D045EA04066C
:102310003D4CA660E46822404E6816F4001F01D0D0
:1023200045EA0402384CE26001330F2B65D80122E4
:102330009A400C6804EA0205AA42F5D14C6804F000
:102340000304013C012C94D94A6802F00302032AD9
:1023500009D0C4685E000322B24024EA02048A68FD
:10236000B2402243C2604A6802F00302022A94D0BB
:1023700004685E000322B24024EA02044A6802F0C4
:102380000302B240224302604A6812F0805FCBD061
:10239000002201921D4A546C44F480445464526CEF
:1023A00002F480420192019A9C08A61C154A52F838
:1023B000267003F0030296000F22B24027EA0207BC
:1023C000134A90423FF47CAF02F5806290420ED0F7
:1023D00002F5806290420CD002F5806290420AD0F1
:1023E00002F5806290423FF469AF072269E701225B
:1023F00067E7022265E7032263E702B0F0BC70479B
:10240000704700BF00380140003C014000380240E6
:102410000000024090F83E30DBB2402B0AD0036946
:10242000B3F5804F15D0036D002B34D0036D012B15
:102430003BD07047036D2BB9436C026803F0FE0379
:1024400013617047436C026843F00103DBB2136110
:10245000704790F83D30DBB2212B0FD0436C0268FF
:1024600043F00103DBB21361436B6BB1DB6B5BB118
:102470000268536843F4006353607047436C02681A
:1024800003F0FE031361EFE7836B002BD1D0DB6B0E
:10249000002BEDD1CDE7436CC3F3C813026803F002
:1024A000060343F0F00313617047436CC3F3C81392
:1024B000026803F0060343F0F1031361B9E7436CCC
:1024C0000268DBB21361436B3BB1DB6B2BB102687B
:1024D000536843F4006353607047836B002BFBD059
:1024E000DB6B002BF3D1F7E710B48BB090F83E30E4
:1024F000DAB2C16A046B90F83D30DBB2222B0BD00C
:102500000023099303685A6909929B690993099BFF
:102510000BB05DF8044B7047036D0BB9402A17D020
:10252000036D1BB90369B3F5404F19D0438D9BB2BE
:10253000002B25D1029303685A6902929A6902928C
:10254000029A1A6842F400721A6000230365DFE7FA
:10255000009303685A6900929B690093009BD7E738
:102560000023019303685A6901929A690192019AC2
:102570001A6842F480721A60036D01330365C7E77D
:10258000438D9BB2012B25D0438D9BB2022B7BD078
:102590000268136843F48063136003685A6812F496
:1025A000006F0ED011F5803F07D0012905D0082912
:1025B00003D0102901D0202903D15A6842F4805257
:1025C0005A600023089303685A6908929B6908932C
:1025D000089BBAE711F5803F11D0082934D0202993
:1025E00032D0122C2ED0042940D002293ED01029FE
:1025F0003CD00268136823F4806313603BE00268F8
:10260000136823F48063136003685A6812F4006F40
:102610000CD01A6822F480621A60002303930368C6
:102620005A6903929B690393039B8EE700220492ED
:102630005A6904929A690492049A1A6842F40072E0
:102640001A6082E70129CED00268136823F4806300
:1026500013600023069303685A6906929A690692EA
:10266000069A1A6842F400721A606EE702681368EC
:1026700043F4806313600023059303685A6905924D
:102680009B690593059B60E704290ED002290CD0B5
:1026900010290AD00268136823F48063136002686B
:1026A000136843F40063136004E00268136843F4A2
:1026B0008063136003685A6812F4006F0ED011F53E
:1026C000803F07D0012905D0082903D0102901D067
:1026D000202903D15A6842F480525A60002307939C
:1026E00003685A6907929B690793079B2DE7438DFF
:1026F0009BB253B1426A036812781A61436A01338C
:102700004362438D013B9BB243857047438D9BB22F
:1027100053B103681A69436A1A70436A013343620A
:10272000438D013B9BB243857047000082B000237C
:1027300001930E4B1B68DB080D4AA2FB03231B0A07
:1027400003EB83030193019B013B0193019B33B195
:1027500003681B6813F4007FF5D1002004E0036CCC
:1027600043F020030364012002B0704718000020EA
:1027700089B5F814C36AB3F52A0F04D0C36AB3F15C
:102780002A4F03D070470123C36270470823C362F6
:10279000F8E70000002800F0C880F8B5044690F87B
:1027A0003D30002B75D0242384F83D302268136817
:1027B00023F0010313602268136843F4004313609D
:1027C0002268136823F40043136001F06DFA626815
:1027D000584B9A4262D8584B98428CBF0023012331
:1027E000002B40F0A480554BA3FB00239B0C2168D9
:1027F0004A6822F03F021A434A6025682A6A22F09A
:102800003F0266684B498E424ED8013313432B6218
:102810002568E96921F44F4121F0FF016368454AC9
:1028200093424BD801385B00B0FBF3F30133C3F3A1
:102830000B03042B38BF04230B43EB6121680B68A7
:1028400023F0C003E269206A024313430B6021684E
:102850008B6823F4034323F0FF032269E0680243FB
:1028600013438B602168CB6823F0FF036269A06982
:1028700002431343CB602268136843F001031360E3
:1028800000202064202384F83D30206384F83E003B
:10289000F8BD80F83C3004F07DFA84E7284B98427C
:1028A0008CBF002301239BE74FF4967101FB03F3D8
:1028B0002449A1FB03139B090133A7E7A268BAB916
:1028C000461E03EB4307B6FBF7F60136C6F30B06CD
:1028D000B6FA86F6760936BBC2B9013803EB430374
:1028E000B0FBF3F30133C3F30B0242F40043A3E75D
:1028F000461E03EB830707EB8707B6FBF7F60136A7
:10290000C6F30B06B6FA86F67609E4E7013803EB60
:10291000830303EB8303B0FBF3F20132C2F30B0238
:1029200042F4404388E7012386E7012070470120F5
:10293000AEE700BFA08601007F841E0083DE1B433C
:10294000FF083D00D34D621030B482B090F83D4096
:1029500004F02804282C34D1002936D0002A36D09F
:1029600090F83C40012C34D0012480F83C400468AD
:10297000256815F0010F03D1256845F00105256094
:1029800005682C6824F400642C60292480F83D40FC
:10299000202480F83E400024046441624285428D38
:1029A0000285C362019403685A6901929A6901928F
:1029B000019A80F83C405A6842F4E0625A6020462E
:1029C00000E0022002B030BC70470120FAE701208D
:1029D000F8E70220F6E730B482B090F83D4004F00A
:1029E0002804282C34D1002936D0002A36D090F87B
:1029F0003C40012C34D0012480F83C400468256818
:102A000015F0010F03D1256845F001052560056823
:102A10002C6824F400642C602A2480F83D40202493
:102A200080F83E400024046441624285428D028564
:102A3000C362019403685A6901929A690192019AEA
:102A400080F83C405A6842F4E0625A60204600E058
:102A5000022002B030BC70470120FAE70120F8E7FD
:102A60000220F6E790F83D30DBB2202B17D1282367
:102A700080F83D3003681A6812F0010F03D11A681C
:102A800042F001021A600268136843F48063136025
:102A90000268536843F4407353600020704702207B
:102AA0007047704708B5C26A90F83D30DBB2212B01
:102AB00000D008BD438D9BB2D3B9082A04D0202A88
:102AC00002D012F5803F1FD10268536823F4E063FF
:102AD00053600268136843F40073136000230363B8
:102AE000202280F83D2080F83E30FFF7DAFFE0E753
:102AF000426A036812781A61436A01334362438D64
:102B0000013B9BB24385D4E70268536823F4E0633A
:102B1000536011230363002380F83E30202380F8A4
:102B20003D30FFF7BEFFC4E7704708B590F83D3071
:102B3000DAB2438D9BB27BB1416A036809781961AF
:102B4000436A01334362438D013B9BB24385438D0E
:102B50009BB20BB9292A00D008BD0268536823F440
:102B60008063536021230363282380F83D3003F002
:102B7000DFFDF1E708B590F83D30DAB2438D9BB246
:102B80007BB103681969436A1970436A0133436270
:102B9000438D013B9BB24385438D9BB20BB92A2ADF
:102BA00000D008BD0268536823F480635360222379
:102BB0000363282380F83D3003F072FDF1E708B588
:102BC00090F83D3003F02803282B07D003686FF0FE
:102BD00002025A61002380F83C3008BD0268536845
:102BE00023F48063536011F0040F0BD0002311F025
:102BF000800F09D18289002180F83C10194603F02A
:102C000025FDEAE70123F2E7028BF4E708B590F827
:102C10003D30DBB2C26A082A01D0202A01D1282B1C
:102C200006D0212B1ED003686FF480625A6108BD64
:102C30001A4BC3620268536823F4E063536003686D
:102C40006FF480625A610268136823F48063136032
:102C500000230363202280F83D2080F83E3003F0FB
:102C60006DFDE4E70D4BC36221230363202380F84D
:102C70003D30002380F83E300268536823F4E0635F
:102C8000536003686FF480625A610268136823F42A
:102C90008063136003F04CFDC9E700BF0000FFFF35
:102CA000704708B590F83D30026D9AB9C36C012B9E
:102CB00008D0836CC3F3072302681361036D0133EB
:102CC000036508BD836C0268DBB21361036D0233D8
:102CD0000365F6E7DBB2026D012A23D0026D022AFA
:102CE000EFD1222B26D0428D92B20AB1212B27D0D0
:102CF000428D92B2002AE4D1212BE2D102685368BE
:102D000023F4E06353600268136843F400731360B4
:102D100000230363202280F83D2080F83E30FFF737
:102D2000BFFFCEE7836C0268DBB21361036D013332
:102D30000365C6E70268136843F480731360C0E755
:102D4000426A036812781A61436A01334362438D11
:102D5000013B9BB24385B4E710B590F83D30DBB240
:102D600090F83E20D2B2C46A018D09B9212B04D05B
:102D7000212B3BD0402A37D010BD082C04D0202C6A
:102D800002D014F5803F19D10268536823F4E06340
:102D900053600268136843F40073136000230363F5
:102DA000202380F83D3090F83E30DBB2402B15D028
:102DB000002380F83E30FFF774FEDDE702685368B9
:102DC00023F4E063536011230363002380F83E3053
:102DD000202380F83D30FFF764FECDE7002380F824
:102DE0003E30FFF75DFFC7E7222BC5D1438D9BB275
:102DF00083B190F83E30DBB2402B11D0426A0368B9
:102E000012781A61436A01334362438D013B9BB2DE
:102E10004385B1E70268536823F480635360ABE7EE
:102E2000FFF73FFFA8E7704708B5C26A438D9BB222
:102E3000042B13D0438D9BB2032B20D0438D9BB228
:102E4000022B36D003681A69436A1A70436A013349
:102E50004362438D013B9BB243850FE00268536898
:102E600023F48063536003681A69436A1A70436AE3
:102E700001334362438D013B9BB2438508BD01682A
:102E80004B6823F480634B60042A06D0022A04D0E6
:102E90000268136823F48063136003681A69436A45
:102EA0001A70436A01334362438D013B9BB24385F1
:102EB000E4E7012A0BD0102A09D0042A36D0022ACE
:102EC00034D00268136843F40073136004E00268AE
:102ED000136823F48063136003681A69436A1A70E5
:102EE000426A531C4362438D013B9BB24385036896
:102EF0001B695370436A01334362438D013B9BB2AC
:102F000043850268536823F440735360202380F89C
:102F10003D3090F83E30DBB2402B0DD0002380F8DE
:102F20003E3012230363FFF7FFFDA7E70268136833
:102F300043F480631360CFE7002380F83E300363DF
:102F4000FFF771FF9AE790F83D30DBB2222B00D0FB
:102F50007047438D9BB2032B14D903681A69436AE7
:102F60001A70436A01334362438D013B9BB2438530
:102F7000438D9BB2032BEBD10268536823F480632B
:102F800053607047C26A022AE2D0012BE0D810B524
:102F90000446FFF7CBFB68BB2268136823F4806309
:102FA00013602268536823F4E063536023681A694E
:102FB000636A1A70636A01336362638D013B9BB27B
:102FC0006385202384F83D3094F83E30DBB2402BFB
:102FD00008D0002384F83E30122323632046FFF7F5
:102FE000A3FD10BD002384F83E3023632046FFF785
:102FF0001AFFF6E72268536823F4E06353602368FE
:103000001A69636A1A70636A01336362638D013BF4
:103010009BB26385202384F83D30002384F83E3042
:10302000204603F08FFBDCE700B583B0002301935B
:10303000806B90F83D20D2B2324B1B68DB083249DE
:10304000A1FB03131B0A03EB8303C3EBC30301932D
:10305000019B43B1019B013B019303681B6813F47F
:10306000007FF5D103E0036C43F020030364436B5E
:103070000BB10021D963836B0BB10021D9630168C7
:103080000B6823F480630B6000234385436B0BB113
:1030900000211965836B0BB10021196501680B686C
:1030A00023F001030B6090F83D30DBB2602B0ED0B3
:1030B00002F02802282A14D0202380F83D30002373
:1030C00080F83E3003F03EFB03B05DF804FB2023A4
:1030D00080F83D30002380F83E30036403F026FB87
:1030E000F2E70268136843F0010313600268136893
:1030F00043F48063136000230363282380F83D308A
:10310000E0E700BF1800002089B5F81410B50446A8
:1031100090F83D30DBB290F83E20D2B2102A36D083
:10312000402A34D003F02802282A38D02268526876
:1031300012F4006F07D1602B05D0202384F83D30B6
:10314000002384F83E300023236323685A6812F476
:10315000006F48D05A6822F400625A60626B92F89D
:103160003530DBB2012B20D0444B1365606BFEF78A
:1031700074FF002849D02268136823F0010313600C
:10318000202384F83D30606B036D98473DE0222B8F
:10319000C8D121680A6822F400620A60C2E70023ED
:1031A0002363282384F83D30CFE7A36B334A1A65A5
:1031B000A06BFEF752FF40B323685A6912F0400F2C
:1031C00005D01A69636A1A70636A01336362226800
:1031D000136823F001031360202384F83D30A06BB3
:1031E000036D984711E094F83D20D2B2602A1FD0B9
:1031F0005A6912F0400F05D01A69636A1A70636A3F
:1032000001336362204603F09DFA236C13F00F0F25
:1032100004D02268536823F4E063536094F83D308F
:10322000DBB2226C12F0040F01D0282B18D010BD95
:10323000202284F83D20002222645A6912F0400FB7
:1032400005D01A69636A1A70636A0133636222687F
:10325000136823F001031360204603F067FAD4E7F4
:10326000074BE36200232363202284F83D2084F887
:103270003E30204603F062FAD9E700BF293000084B
:103280000000FFFF30B583B0044690F83D50EDB22A
:103290000268536823F4E0635360002301930368DA
:1032A0005A6901921A6842F001021A60019B026891
:1032B000136823F48063136003685A6812F4006F84
:1032C00038D0222D21D02A2D1FD0426B126852688F
:1032D00092B24285428D92B21AB1026C42F004025F
:1032E00002645A6822F400625A60606BFEF7B6FF0F
:1032F00001281FD0636B434A1A65606BFEF7ADFE71
:10330000C0B1606B036D984714E0A26B12685268FD
:1033100092B26285628D92B21AB1226C42F00402BE
:1033200022645A6822F400625A60A06BFEF796FF8E
:10333000012840D1638D9BB223B323685A6912F0F0
:10334000040F09D01A69636A1A70636A01336362F1
:10335000638D013B9BB2638523685A6912F0400F6D
:1033600009D01A69636A1A70636A01336362638DF4
:10337000013B9BB26385638D9BB21BB1236C43F011
:1033800004032364236C13BB2A2D25D094F83D300D
:10339000DBB2282B29D0236B222B01D0222D19D16F
:1033A00000232363202284F83D2084F83E30204609
:1033B00003F076F90EE0A36B124A1A65A06BFEF7D4
:1033C0004CFE0028B6D0A06B036D9847B2E72046AC
:1033D000FFF79CFE03B030BD00232363282384F84D
:1033E0003D30204603F05CF9D0E7074BE362002351
:1033F0002363202284F83D2084F83E30204603F0E9
:103400009DF9E7E7293000080000FFFFF8B5044602
:1034100002685568C66A90F83E30DBB290F83D10FD
:10342000102B14D0C8B2402B11D0236C002B77D0B6
:103430005369002113F0020F75D015F4007F72D08C
:10344000236C03B191692046FFF7B9FBF8BD97697A
:10345000516911F0010005D1B6F52A0FF6D0B6F189
:103460002A4FF3D010B115F4007F27D111F0080FC7
:1034700002D015F4007F28D111F0020F02D015F40C
:10348000007F26D117F0040F2FD0526812F4006F7E
:10349000DCD111F0800F05D015F4806F02D011F04F
:1034A000040F1AD011F0040FD0D015F4007FCDD046
:1034B000102B16D02046FFF7F4FBC7E72046FFF796
:1034C00059F92046FEF7A6FFC0E72046FEF7F7FFB2
:1034D000BCE72046FFF708F8B8E72046FFF73CFCBA
:1034E000B4E72046FFF7DEFAB0E7536813F4006F45
:1034F000ACD111F0400F05D015F4806F02D011F05F
:10350000040F09D011F0040FA0D015F4007F9DD056
:103510002046FFF789FC99E72046FFF714FD95E761
:103520009169536986E713F0100F02D015F4007FFC
:1035300018D121281AD0292818D013F0400F05D00F
:1035400015F4806F02D013F0040F28D013F0040F8D
:103550003FF47CAF15F4007F3FF478AF2046FFF7CF
:10356000D5F873E72046FFF78DFE6FE713F0800F65
:1035700005D015F4806F02D013F0040F0BD013F0B8
:10358000040F3FF463AF15F4007F3FF45FAF2046B4
:10359000FFF7ADF85AE72046FFF7C7FA56E720468F
:1035A000FFF7E8FA52E7F8B5044603685D695F681B
:1035B00090F83E20D2B215F4807F07D017F4807FB8
:1035C0003CD06FF480715961012600E0002615F4AB
:1035D000007F08D017F4807F05D046F002062368EC
:1035E0006FF40071596115F4806F19D017F4807F62
:1035F00016D0638D99B294F83D30DBB2206B202A4F
:103600001ED023686FF48061596146F00406102AC9
:1036100001D0402A04D12268136843F40073136078
:1036200015F4006F08D017F4807F05D046F0080627
:1036300023686FF400625A6186B9F8BD0026C6E7B8
:103640000029DED1212B05D0292B03D0282BD8D15E
:103650002128D6D12046FFF7D9FAE1E7236C1E4393
:1036600026642046FFF752FDE7E70000002800F03F
:10367000E98170B582B00446036813F0010F3BD0B6
:10368000A74B9B6803F00C03042B2CD0A44B9B6826
:1036900003F00C03082B21D06368B3F5803F4FD0B3
:1036A000B3F5A02F52D09E4B1A6822F480321A60D4
:1036B0001A6822F480221A606368002B50D0FEF74B
:1036C00033F80546964B1B6813F4003F14D1FEF700
:1036D0002BF8401B6428F5D90320B8E1904B5B68B8
:1036E00013F4800FD8D08E4B1B6813F4003F03D027
:1036F0006368002B00F0A881236813F0020F55D0F7
:10370000874B9B6813F00C0F3ED0854B9B6803F0F2
:103710000C03082B33D0E368002B68D0814B0122C7
:103720001A60FEF701F805467D4B1B6813F0020F87
:1037300054D1FDF7F9FF401B0228F5D9032086E19B
:10374000774A136843F480331360B5E7744B1A6803
:1037500042F480221A601A6842F480321A60ABE7A1
:10376000FDF7E2FF05466E4B1B6813F4003FC3D024
:10377000FDF7DAFF401B6428F5D9032067E1684BA9
:103780005B6813F4800FC6D1654B1B6813F0020F02
:1037900004D0E368012B01D0012058E1604A13688E
:1037A00023F0F803216943EAC1031360236813F08F
:1037B000080F40D0636963B35B4B01221A60FDF7C9
:1037C000B3FF0546564B5B6F13F0020F33D1FDF785
:1037D000ABFF401B0228F5D9032038E1504A13689B
:1037E00023F0F803216943EAC1031360DEE74D4B80
:1037F00000221A60FDF798FF0546494B1B6813F03D
:10380000020FD3D0FDF790FF401B0228F5D903200B
:103810001DE1454B00221A60FDF786FF0546404B2F
:103820005B6F13F0020F06D0FDF77EFF401B0228EE
:10383000F5D903200BE1236813F0040F79D0384B3E
:103840001B6C13F0805F33D100230193344B1A6C4F
:1038500042F080521A641B6C03F080530193019B69
:103860000125324B1B6813F4807F23D0A368012B02
:1038700034D0052B38D02A4B1A6F22F001021A6778
:103880001A6F22F004021A67A368002B36D0FDF7E6
:103890004BFF0646224B1B6F13F0020F48D1FDF77A
:1038A00043FF801B41F288339842F3D90320CEE0D6
:1038B0000025D6E71D4A136843F480731360FDF7B3
:1038C00033FF0646194B1B6813F4807FCED1FDF7FA
:1038D0002BFF801B0228F5D90320B8E0104A136F94
:1038E00043F001031367CFE70D4B1A6F42F0040258
:1038F0001A671A6F42F001021A67C5E7FDF714FF55
:103900000646074B1B6F13F0020F11D0FDF70CFF9B
:10391000801B41F288339842F3D9032097E000BF1F
:103920000038024000004742800E474200700040CD
:10393000EDB9A369002B00F08980484A926802F033
:103940000C02082A51D0022B17D0454B00221A60D6
:10395000FDF7EAFE0446414B1B6813F0007F42D09E
:10396000FDF7E2FE001B0228F5D903206FE03B4A79
:10397000136C23F080531364DBE7394B00221A6089
:10398000FDF7D2FE0546354B1B6813F0007F06D0CD
:10399000FDF7CAFE401B0228F5D9032057E0E36972
:1039A000226A1343626A43EA8213A26A5208013A06
:1039B00043EA0243E26A43EA0263284A5360284B1F
:1039C00001221A60FDF7B0FE0446244B1B6813F079
:1039D000007F06D1FDF7A8FE001B0228F5D90320C1
:1039E00035E0002033E0002031E0012B31D01B4BCB
:1039F0005B6803F48001E269914201D0012026E076
:103A000003F03F02216A8A4201D001201FE0616A6F
:103A100047F6C0721A40B2EB811F01D0012016E0B8
:103A200003F44031A26A5208013AB1EB024F01D0CF
:103A300001200CE003F07063E26AB3EB026F0AD07E
:103A4000012004E001207047012000E0002002B0C6
:103A500070BD0120FBE70020F9E700BF00380240FD
:103A600060004742324B9B6803F00C03042B5CD090
:103A7000082B01D02F4870472DE9F04B2C4B5A688A
:103A800002F03F025B6813F4800F2BD0284B5B6879
:103A9000C3F388131E4600275C010025E41A65EB7A
:103AA0000705A90141EA9461A001001B61EB050132
:103AB000CB0043EA5073C400A01943EB07014B024B
:103AC00043EAD0534402204619460023FDF706FC82
:103AD000174B5B68C3F3014301335B00B0FBF3F0AA
:103AE000BDE8F08B124B5B68C3F388131E460027BA
:103AF0005C010025E41A65EB0705A90141EA946120
:103B0000A001001B61EB0501CB0043EA5073C40028
:103B1000A01943EB07018B0243EA9053840220462D
:103B200019460023FDF7DAFBD2E70348704700BFD0
:103B3000003802400024F40000127A00002800F04F
:103B40009E8070B50446504B1B6803F007038B4200
:103B500009D2CBB24C4A1370136803F007038B42AF
:103B600001D0012070BD236813F0020F17D013F0AD
:103B7000040F04D0454A936843F4E05393602368EC
:103B800013F0080F04D0414A936843F460439360F4
:103B90003E4A936823F0F003A068034393600D4608
:103BA000236813F0010F32D06368012B21D09A1ED5
:103BB000012A25D9354A126812F0020F61D0334923
:103BC0008A6822F0030213438B60FDF7ADFD0646C1
:103BD0002E4B9B6803F00C036268B3EB820F16D088
:103BE000FDF7A2FD801B41F288339842F0D90320F3
:103BF000B8E7264A126812F4003FE0D10120B1E78D
:103C0000224A126812F0007FD9D10120AAE71E4B88
:103C10001B6803F00703AB4209D9EAB21A4B1A70CA
:103C20001B6803F00703AB4201D001209AE7236829
:103C300013F0040F06D0154A936823F4E053E168AB
:103C40000B439360236813F0080F07D00F4A936863
:103C500023F46043216943EAC1039360FFF702FF45
:103C60000A4B9B68C3F30313094AD35CD840094B42
:103C70001860094B1868FDF70BFD002072E7012062
:103C8000704701206EE700BF003C02400038024050
:103C9000D0E100081800002004000020014B186843
:103CA000704700BF1800002008B5FFF7F7FF044B6E
:103CB0009B68C3F38223034AD35CD84008BD00BF8E
:103CC00000380240E0E1000808B5FFF7E7FF044BC9
:103CD0009B68C3F34233034AD35CD84008BD00BF9E
:103CE00000380240E0E100082DE9F04383B00446CB
:103CF0000F4616461D46FDF717FD0A9B181A00EBE6
:103D00000508FDF711FD81462A4B1B68C3F3CB3331
:103D100008FB03F3019323689B6837EA03030CBF96
:103D200001230023B34240D0B5F1FF3FF3D0FDF7AC
:103D3000FBFCA0EB090040450AD2B8F1000F07D008
:103D4000019B0BB94FF00008019B013B0193E2E797
:103D50002268536823F0E00353606368B3F5827F01
:103D60000BD0A36AB3F5005F14D0012384F851305F
:103D7000002384F85030032018E0A368B3F5004F07
:103D800002D0B3F5806FECD12268136823F04003B2
:103D90001360E6E72268136823F400531360226877
:103DA000136843F400531360DFE7002003B0BDE85D
:103DB000F08300BF1800002030B585B0164C246891
:103DC000164DA5FB0434640D4FF47A7505FB04F41D
:103DD00003944468B4F5827F0BD0039BC3B1039B6B
:103DE000013B039303689B6813F0800FF5D1002318
:103DF0000FE00B460446009200228021FFF774FF7B
:103E0000034630B1636D43F020036365032300E094
:103E10000023184605B030BD18000020819F5E16B3
:103E200010B582B004464068B0F5827F16D0606855
:103E3000B0F5827F2ED1A368B3F5806F1BD00092BE
:103E40000B46002280212046FFF74EFF034650B369
:103E5000636D43F020036365032324E0A368B3F597
:103E6000004F02D0B3F5806FE1D12068036823F0E2
:103E700040030360DBE700920B460022012120464D
:103E8000FFF732FF034670B1636D43F020036365B3
:103E9000032308E000920B46002201212046FFF791
:103EA00023FF034610B9184602B010BD636D43F0FE
:103EB000200363650323F6E700285AD010B50446B3
:103EC000436A33B94368B3F5827F05D00023C361E9
:103ED00002E00023036143610023A36294F85130A0
:103EE000002B40D0022384F851302268136823F05D
:103EF00040031360636803F48273A26802F404420F
:103F00001343E26802F400621343226902F00202E2
:103F10001343626902F001021343A26902F40072C2
:103F20001343E26902F038021343226A02F080026E
:103F30001343A26A02F40052216813430B60638B9F
:103F400003F00403626A02F01002216813434B601D
:103F50002268D36923F40063D361002060650123E4
:103F600084F8513010BD84F85030204602F0BCFF78
:103F7000B8E701207047000038B590F85040012C98
:103F800000F095800446012084F8500094F8510018
:103F9000C0B2656801280FD0B5F5827F05D0022335
:103FA000002284F85020184638BDA568002D76D12F
:103FB000042801D00223F3E7002972D0002A72D02E
:103FC000002B72D094F85100C0B2042802D0052012
:103FD00084F85100002060652163A386E386A26314
:103FE000A387E3872064606494F85130DBB2042B2C
:103FF0001BD0E36C2F4A1A64E36C2F4ADA63E36C3C
:104000002E4ADA64E36C00221A652168E38FA26B02
:104010000C31E06CFDF7A2FF70B1636D43F010034B
:104020006365012384F85130BAE7E36C244A1A64CB
:10403000E36C244ADA63E2E72268536843F0010341
:104040005360A26C00231364A26CD363A26CD3648C
:10405000A26C13652268E38E0C32216BA06CFDF715
:104060007DFF034638B1636D43F0100363650123A0
:1040700084F8513094E72268116811F0400F03D1A1
:10408000116841F04001116021684A6842F0200245
:104090004A6021684A6842F002024A6080E70223CF
:1040A0007EE701237CE701237AE7012378E70223F7
:1040B00079E700BFD34100086F420008DF410008E4
:1040C000C74100080142000838B5044685681DB99B
:1040D0004368B3F5827F11D094F85000012869D06D
:1040E000012084F8500094F85100C0B201280ED08D
:1040F0000223002284F85020184638BD042380F89B
:10410000513013460A46FFF737FF0346F4E700290C
:104110004CD0002A4CD0042384F85130002363652E
:10412000A163A287E28723646364A386E386B5F56F
:10413000004F1CD0E36C204A1A64E36C1F4ADA6318
:10414000E36C1F4ADA64E36C00221A652168E38F8E
:10415000A26B0C31E06CFDF701FF034690B1636D7B
:1041600043F010036365012384F85130C1E72268EE
:10417000136823F0400313602268136823F480431C
:104180001360D7E72268116811F0400F03D111685E
:1041900041F04001116021684A6842F020024A6003
:1041A00021684A6842F001024A60A2E70123A0E7C1
:1041B00001239EE702239FE7C74100080142000850
:1041C000DF410008704708B5806B02F011FA08BDA6
:1041D000704708B5806BFFF7FBFF08BD704708B557
:1041E000806B0268536823F003035360436D43F010
:1041F00010034365012380F85130FFF7EFFF08BD3E
:1042000038B50546846BFDF78FFA2B681B6813F4ED
:10421000807F1ED121684B6823F020034B60A36888
:104220001BB96368B3F5827F17D02268536823F007
:1042300001035360024664212046FFF7F1FD08B1F7
:10424000202363650023E387012384F85130636DE5
:104250004BB9204602F0D8F938BD2268536823F0E4
:1042600003035360E6E72046FFF7B8FFF4E738B5ED
:104270000546846BFDF758FA2B681B6813F4807FA2
:104280001BD12268536823F0200353600246642147
:104290002046FFF791FD18B1636D43F0200363657D
:1042A0002268536823F0030353600023E386E38707
:1042B000012384F85130636D1BB92046FFF782FF5C
:1042C00038BD2046FFF78AFFFAE7000030B585B019
:1042D0000446026850689368C3F3801149B913F02B
:1042E000010F06D010F0400F03D0236C20469847F2
:1042F00008E013F0020F07D010F0800F04D0636CB9
:104300002046984705B030BDC3F340151DB911B91B
:1043100013F4807FF6D010F0200FF3D079B194F829
:104320005110C9B2032953D0616D41F00401616598
:1043300000210091D168009191680091009965B1C8
:10434000616D41F001016165002102919168029166
:10435000116821F040011160029A13F4807F09D0A6
:10436000636D43F0080363650023039323689B6830
:104370000393039B636D002BC4D02268536823F022
:10438000E0035360012384F8513010F0030F27D06D
:104390002268536823F003035360E36C4BB1124A65
:1043A0001A65E06CFDF759FE18B1636D43F04003E8
:1043B0006365A36C002BA5D00B4A1A65A06CFDF7B2
:1043C0004CFE00289ED0636D43F04003636599E77F
:1043D00000230193D368019393680193019B91E7B4
:1043E0002046FFF7FBFE8DE7ED43000808B5806B24
:1043F0000023C387C386FFF7F1FE08BD70B4036ACC
:1044000023F001030362036A4268846924F07304A1
:104410000D6845EA040623F002048B6823430D4D22
:10442000A84209D00B4DA8420DD0426086614A686F
:104430004263036270BC704723F00803CC682343D7
:1044400023F00403EEE722F440724C6914438A69B6
:104450002243EAE70000014030B4036A23F480738A
:104460000362036A4268C46924F073040D682C4334
:1044700023F400738D6843EA05230F4DA84209D049
:104480000D4DA8420ED04260C4614A68C263036207
:1044900030BC704723F40063CD6843EA052323F45E
:1044A0008063EDE722F440524D6942EA05128D69BE
:1044B00042EA0512E7E700BF0000014030B4036A9A
:1044C00023F480530362036A4468C26922F4E6421B
:1044D0000D6842EA052223F400538D6843EA053350
:1044E000074DA84206D04460C2614A680264036274
:1044F00030BC704724F480444D6944EA8514F2E7E7
:10450000000001407047704770477047704710B512
:10451000044603681A6912F0020F11D0DA6812F02B
:10452000020F0DD06FF002021A61012303770368B6
:104530009B6913F0030F70D0FFF7E6FF002323778A
:1045400023681A6912F0040F12D0DA6812F0040F0F
:104550000ED06FF004021A610223237723689B694F
:1045600013F4407F5FD02046FFF7CEFF0023237770
:1045700023681A6912F0080F12D0DA6812F0080FD7
:104580000ED06FF008021A61042323772368DB69D9
:1045900013F0030F4ED02046FFF7B6FF002323771A
:1045A00023681A6912F0100F12D0DA6812F0100F97
:1045B0000ED06FF010021A61082323772368DB699D
:1045C00013F4407F3DD02046FFF79EFF0023237762
:1045D00023681A6912F0010F03D0DA6812F0010F94
:1045E00036D123681A6912F0800F03D0DA6812F00E
:1045F000800F34D123681A6912F0400F03D0DA68B3
:1046000012F0400F32D123681A6912F0200F03D044
:10461000DA6812F0200F30D110BDFFF774FF20468A
:10462000FFF773FF8AE72046FFF76DFF2046FFF78D
:104630006CFF9BE72046FFF766FF2046FFF765FF0C
:10464000ACE72046FFF75FFF2046FFF75EFFBDE7C0
:104650006FF001021A612046FFF754FFC1E76FF0C7
:1046600080021A61204600F00EFAC3E76FF04002A4
:104670001A612046FFF74AFFC5E76FF020021A6172
:10468000204600F0FFF9C7E70368254A90420ED0A4
:10469000B0F1804F0BD0A2F57C42904207D002F5DA
:1046A0008062904203D002F58062904203D123F0F1
:1046B00070034A6813431A4A90421AD0B0F1804FEF
:1046C00017D0A2F57C42904213D002F5806290424E
:1046D0000FD002F5806290420BD002F59A329042E0
:1046E00007D002F58062904203D002F580629042CA
:1046F00003D123F44073CA68134323F080034A694B
:10470000134303608B68C3620B688362044B984257
:1047100002D00123436170470B690363F9E700BFCF
:104720000000014038B310B5044690F83D30EBB1BD
:10473000022384F83D30211D2068FFF7A5FF0123E7
:1047400084F8463084F83E3084F83F3084F84030B6
:1047500084F8413084F8423084F8433084F844309F
:1047600084F8453084F83D30002010BD80F83C309E
:1047700002F048FDDCE701207047000030B4036A16
:1047800023F010030362036A4468826922F4E6425C
:104790000D6842EA052223F020038D6843EA0513E1
:1047A0000E4DA84209D00D4DA8420ED04460826142
:1047B0004A688263036230BC704723F08003CD688F
:1047C00043EA051323F04003EDE724F440644D6908
:1047D00044EA85048D6944EA8504E7E70000014066
:1047E00038B590F83C30012B60D00D4604460123CB
:1047F00080F83C300C2A1AD8DFE802F007191919A2
:104800001D1919193119191944000068FFF7F6FD2F
:104810002268936943F0080393612268936923F047
:10482000040393612268936929690B439361002013
:1048300084F83C0038BD0068FFF7A0FF2268936948
:1048400043F4006393612268936923F48063936166
:1048500022689369296943EA01239361E7E70068C5
:10486000FFF7FAFD2268D36943F00803D361226899
:10487000D36923F00403D3612268D36929690B4308
:10488000D361D4E70068FFF719FE2268D36943F4C7
:104890000063D3612268D36923F48063D361226803
:1048A000D369296943EA0123D361C0E70220C1E744
:1048B00010B401F01F01012303FA01F4036A23EA93
:1048C00004030362036A8A40134303625DF8044BE6
:1048D000704700000A46C9B990F83E30DBB213F1C8
:1048E000FF3318BF0123002B40F08A8010B54ABB6C
:1048F000022380F83E300C2A39D8DFE802F0333842
:1049000038385F383838653838386B00042909D0B2
:1049100008290FD090F84130DBB213F1FF3318BFF4
:104920000123E0E790F83F30DBB213F1FF3318BF0B
:104930000123D8E790F84030DBB213F1FF3318BF02
:104940000123D0E7042A05D0082A07D0022380F8E3
:104950004130D0E7022380F83F30CCE7022380F8D3
:104960004030C8E70168CB6843F00203CB601146D2
:10497000044601220068FFF79BFF2368224A934206
:104980002ED02368204A93422FD0B3F1804F2CD0F1
:10499000A2F57C42934228D002F58062934224D053
:1049A00002F58062934220D002F59A3293421CD0E5
:1049B0001A6842F001021A60002020E00168CB680A
:1049C00043F00403CB60D2E70168CB6843F00803EF
:1049D000CB60CCE70168CB6843F01003CB60C6E73F
:1049E0005A6C42F400425A64CBE79A6802F007021C
:1049F000062A07D01A6842F001021A60002010BD92
:104A0000012070470020FAE70000014090F83C3098
:104A1000012B33D030B4012380F83C30022380F8DE
:104A20003D3003685C689D6824F070040A68224386
:104A30005A600368124A934212D0B3F1804F0FD0EC
:104A4000A2F57C4293420BD002F58062934207D0DC
:104A500002F58062934203D002F59A32934204D168
:104A600025F080054A6815439D60012380F83D309C
:104A7000002380F83C30184630BC70470220704755
:104A800000000140704770470268D36823F0C003FC
:104A9000D360202380F83D3070470268D36823F448
:104AA0009073D3600268536923F001035361036B71
:104AB000012B05D0202380F83E300023036370478C
:104AC0000268D36823F01003D360F3E790F83D3019
:104AD000DBB2212B27D18368B3F5805F16D0036A40
:104AE0005A1C02621A7803685A60C38C013B9BB25D
:104AF000C384D3B90268D36823F08003D36002680B
:104B0000D36843F04003D360002070470369002B53
:104B1000E5D1036A1B880268C3F308035360036A84
:104B200002330362E1E70220704700207047000073
:104B30002DE9F04B04460268136923F44053C16821
:104B40000B43136183680269134342691343C269CB
:104B50001A430168CB6823F4164323F00C03134374
:104B6000CB600268536923F4407381690B4353613E
:104B700003683A4A934206D002F58062934202D01B
:104B8000FFF792F801E0FFF79FF8E369B3F5004FF4
:104B900030D04FF00009061849EB090716EB000B5F
:104BA00047EB090C4FEACC0343EA5B734FEACB02B5
:104BB00093469C4663689A009B0F10EB0B0049EBF1
:104BC0000C01FCF78BFB264DA5FB0032510964223A
:104BD00002FB110213013233A5FB03235B0903F02F
:104BE000F00202EB011203F00F03216813448B6003
:104BF000BDE8F08B83464FF0000C06184CEB0C0719
:104C000016EB000847EB0C094FEAC90343EA587357
:104C10004FEAC8029046994662680021921841EB1B
:104C200001031BEB08004CEB0901FCF757FB0C4D93
:104C3000A5FB00325109642202FB1102D30032337A
:104C4000A5FB03235B095A0002F4F87202EB011280
:104C500003F00703216813448B60C9E7001001408B
:104C60001F85EB512DE9F04105460F461646984643
:104C7000069C2B681B6837EA03030CBF0123002343
:104C8000B3421DD1B4F1FF3FF3D02CB1FCF74CFD82
:104C9000A0EB0800A042ECD92A68D36823F4D073B3
:104CA000D3602A68536923F001035361202385F8F8
:104CB0003D3085F83E30002385F83C30032000E08D
:104CC0000020BDE8F08158B310B5044690F83D309F
:104CD0000BB3242384F83D302268D36823F40053B7
:104CE000D3602046FFF724FF2268136923F4904322
:104CF00013612268536923F02A0353612268D36841
:104D000043F40053D36000202064202384F83D3016
:104D100084F83E3010BD80F83C3002F00BFBD8E741
:104D2000012070472DE9F04182B01E4690F83D30D9
:104D3000DBB2202B54D104460D469046002954D0B6
:104D4000002A54D090F83C30012B52D0012380F837
:104D50003C3000230364212380F83D30FCF7E4FC61
:104D60000746A4F82480A4F82680A368B3F5805FE2
:104D700005D04FF00008002384F83C3011E023698F
:104D800013B14FF00008F6E7A8460025F3E738F81E
:104D9000023B2268C3F308035360E38C013B9BB2E0
:104DA000E384E38C9BB273B100963B4600228021E2
:104DB0002046FFF757FFF0B9002DE8D015F8012B7A
:104DC00023685A60E9E700963B46002240212046CE
:104DD000FFF748FF034680B9202284F83D2000E019
:104DE0000223184602B0BDE8F0810123F9E7012350
:104DF000F7E70223F5E70323F3E70323F1E770471F
:104E000008B50168CB6823F04003CB60202380F80D
:104E10003D30FFF7F4FF002008BD7047704710B524
:104E2000846B23685A6994F83D30DBB2212B10D093
:104E300023685A6902F0400294F83E30DBB2222B1C
:104E400011D0236C43F0100323642046FFF7E6FFE4
:104E500010BD02F08002002AEAD00023E38420463D
:104E6000FFF712FEE4E7002AEBD00023E38520469B
:104E7000FFF713FEE5E708B5806B0023C385C38405
:104E8000FFF7CCFF08BD704790F83E30DBB2222B15
:104E900050D18368B3F5805F30D0826AB3F5805F0C
:104EA00004D0002B37D10369002B34D103685B6831
:104EB0001370836A01338362C38D013B9BB2C38548
:104EC000002B39D110B504460268D36823F02003C3
:104ED000D3600268D36823F48073D3600268536997
:104EE00023F001035361202380F83E30036B012B34
:104EF00017D001F095FB0020206310BD0269002A45
:104F0000CBD1826A03685B68C3F308031380836AAA
:104F100002338362D0E703685B6803F07F0313709A
:104F2000C7E70268D36823F01003D360818DFFF7D1
:104F3000AAFFE0E7022070470020704730B583B039
:104F4000044602681368D068516913F00F0505D153
:104F500013F0200F02D010F0200F56D1002D6AD090
:104F600011F0010102D110F4907F64D013F0010F11
:104F700006D010F4807F03D0226C42F0010222643C
:104F800013F0040F04D019B1226C42F00202226423
:104F900013F0020F04D019B1226C42F00402226413
:104FA00013F0080F07D010F0200F00D119B1226CB8
:104FB00042F008022264226C002A4BD013F0200F2A
:104FC00002D010F0200F24D123685B6903F0400366
:104FD000226C12F0080F00D13BB32046FFF75DFDB5
:104FE00023685A6912F0400F1BD05A6922F0400220
:104FF0005A61A36B8BB14E4A1A65A06BFDF72DF871
:1050000040B3A06B036D984724E02046FFF73CFFB8
:1050100020E02046FFF738FFD6E72046FFF7FEFEE8
:1050200018E02046FFF7FAFE14E02046FFF7F6FEF0
:10503000002323640EE0216B01290DD013F0800FB3
:1050400002D010F0800F6AD113F0400F02D010F0A0
:10505000400F68D103B030BD13F0100FEED010F048
:10506000100FEBD000230193136801935368019351
:10507000019B536913F0400F30D0A16B0B685B6844
:105080009BB2002BE6D0A08D9842E3D9E385CB6993
:10509000B3F5807F1AD0D36823F48073D36022687D
:1050A000536923F0010353612268536923F04003DD
:1050B0005361202384F83E30002323632268D368A1
:1050C00023F01003D360A06BFCF77DFFA18DE38D6F
:1050D000C91A89B22046FFF7D6FEBBE7A18DE38D42
:1050E000C91A89B2E38D9BB2002BB3D00029B1D08D
:1050F000D36823F49073D3602268536923F00103CB
:105100005361202384F83E30002323632268D36850
:1051100023F01003D3602046FFF7B5FE9AE7204640
:10512000FFF7D4FC96E72046FFF76AFE92E700BF40
:10513000774E000808B5806B036B012B02D0FFF798
:105140006CFE08BD818D4908FFF79DFEF9E708B5A3
:10515000836B0268126812F4807F16D10022DA8510
:105160001968CA6822F48072CA6019684A6922F014
:1051700001024A6119684A6922F040024A6120220C
:1051800083F83E201A6B012A06D01A6B012A09D037
:10519000184601F045FA08BD1968CA6822F01002E5
:1051A000CA60F2E7998D1846FFF76DFEF3E700003D
:1051B00030B583B0044613468162A285002505649C
:1051C000222280F83E20826B1448D063A26B1448E0
:1051D0001064A26B1348D064A26B156520680A4660
:1051E000011DA06BFCF7BAFE019523681A680192B5
:1051F0005A680192019A84F83C50DA6842F480724D
:10520000DA602268536943F00103536122685369ED
:1052100043F040035361284603B030BD4F510008AE
:10522000355100081F4E000808B590F83E30DBB23B
:10523000202B0DD171B17AB190F83C30012B0DD0FB
:10524000012380F83C3000230363FFF7B1FF00E047
:10525000022008BD0120FCE70120FAE70220F8E760
:10526000F0B490ED007AF0EE476A00242746264617
:1052700008E0F4EEE67AF1EE10FA02DDA7B2F0EE05
:10528000676A0134A1420FD900EB8405D5ED007A9D
:10529000F4EEC77AF1EE10FAEBDD3746A6B2F0EE87
:1052A000476AB0EE677AECE782ED007A1E80049BD5
:1052B000C3ED006A059B1F80F0BC70470023DFED43
:1052C000097A06E000EB830292ED007A77EE877AA6
:1052D00001338B42F6D307EE101AB8EE470A87EE79
:1052E000800A70470000000070B510EE904A11EE81
:1052F000106A10EE100AFBF737F90022144BFBF787
:105300008BF9FBF739FC05B22046FBF72DF900229B
:105310000F4BFBF781F9FBF72FFC04B23046FBF78C
:1053200023F900220A4BFBF777F9FBF725FC00B2C3
:10533000C5F30722074B1A705D70C4F307229A70F9
:10534000DC70C0F307221A71587101229A7170BD86
:10535000000024408039002038B505460C46FFF790
:10536000ADFF00239FED0E7A0AE005EB8302D2ED3C
:10537000007A77EEC07A67EEA77A37EE277A0133A4
:10538000A342F2D307EE904AF8EE677AC7EE277A87
:1053900017EE900A03F02CFF00EE100A38BD00BF94
:1053A0000000000008B52DED048B4FF48071154806
:1053B000FFF7D2FFF0EE408A4FF480711248FFF7FA
:1053C000CBFFB0EE409A4FF480711048FFF7C4FF56
:1053D000B0EE408A4FF480710D48FFF7BDFF78EEC4
:1053E000898A38EE288A30EE088AF5EE007A68EE6F
:1053F000277A17EE900A03F0EBFC00EE100ABDECE2
:10540000048B08BD1404002014080020140C002094
:1054100014100020F8B506460D4614461046FBF75A
:1054200091F80022094BFBF7F7F8FBF7CDFB80B2B0
:105430008700241AA4002246F119284604F038FFF8
:105440003A463146281904F033FFF8BD0000E03F2A
:105450002DE9F04F2DED028B89B006460D469046A2
:105460009946BDF850B014461046FBF76BF8002281
:10547000BD4BFBF7D1F803F0CBFBFBF7A5FB1FFA05
:1054800080FAAAEB0B0A1FFA8AFA4FEA4B039BB287
:1054900001339BB20393002119E08A004B00B0183E
:1054A000D0F800E0B148CF0000EB070CCCF800E0EA
:1054B0002A44D2F800C0AE4A1744C7F800C00133EE
:1054C0009B0018440027076013441F6001314746C2
:1054D0008845E2D8A74D01230022A449284602F0BE
:1054E0009DFD01230022A249284602F097FD414676
:1054F00008E08D009D4A2A44002010609C4B2B44FC
:1055000018600131B1EB440FF3D3002511E0A9007D
:10551000964A0A44D2ED007A67EE877AC2ED007AA5
:10552000934B0B44D3ED007A27EE877A83ED007A14
:105530000135AF4243D9A9008C4A0A4492ED007A62
:105540008B4B0B44D3ED007A27EE077A67EEA77AF0
:1055500077EE277A17EE900A03F04AFE8649DFEDD0
:10556000877A07EE100A77EE277A17EE900A03F093
:10557000A9FCF7EE007A07EE100A87EE877AA5F10C
:105580001503122BC3D9AE00784C34442068FAF7C7
:10559000EBFF73A3D3E90023FBF73EF8FBF734FBE3
:1055A0002060734C34442068FAF7DEFF6CA3D3E923
:1055B0000023FBF731F8FBF727FB2060B8E7002456
:1055C0004D4644E066006A4AE100531893ED008AB4
:1055D000664B194491ED007A68EE078A06F10109DD
:1055E0004FEA89010A44D2ED007A0B44D3ED006AF8
:1055F00027EEA66A78EE868A28EE668A67EE277A14
:1056000038EE278A28EEA87A68EE087A77EE277AAD
:1056100017EE900AFAF7A8FF03F07AFBFBF7F4FA0B
:1056200007EE900AF5EE407AF1EE10FA01D1DFEDC7
:10563000547A88EEA77A534B03EB860686ED007A00
:1056400088EE277A03EB890989ED007A0134A742B5
:1056500031D9002DB6D0012DF8D163004448E200C5
:10566000811891ED006A41498E1896ED007A26EE78
:10567000075A01339B001844D0ED007A1944D1ED4C
:10568000006A67EEA65A75EE255A66EE666A67EE00
:10569000277A76EEA77A07EE108AB8EE477AC5EE3B
:1056A000876A38490A44C2ED006AC7EE876A0B442C
:1056B000C3ED006ACAE701231A4632492D4802F0B9
:1056C000ADFC002308E02F4A02EBC30211682E4A0A
:1056D00002EB8302116001339F42F4D8294C424609
:1056E00021462948FFF796FE05AB019306AB0093D0
:1056F0000DF1160307AA039904EB8A00FFF7B0FD2A
:10570000BDF81600BDF81430C31A07EE903AF8EE53
:10571000E77AF0EEE77A07EE10BAB8EE477AC7EE0E
:10572000876AF7EE007AF4EEE76AF1EE10FA01DD2F
:10573000F0EE676A9DED076A9DED067A36EE477AD0
:10574000C7EE067A67EEA67A104BC3ED007AA0EB9F
:105750000B0000B209B0BDEC028BBDE8F08F00BFBA
:105760009A9999999999B93F0000E03F3024002017
:105770002C180020E8E10008CDCC4C3FCCBC8C2B91
:1057800000008000342C00202C2000201418002061
:105790002DE9F04383B08846114699460D9CBDF82B
:1057A0002850BDF82C60BDF83070009733462A466B
:1057B000FFF74EFE2060009733462A464946404692
:1057C000FFF746FE606003B0BDE8F0832DE9F041CD
:1057D0002DED028B8CB000232DE0724A52F823206D
:1057E00007EE902A9A0070491144F8EEE77AC1ED6D
:1057F000007A6E4951F8231007EE901A6C49114453
:10580000F8EEE77AC1ED007A6A4951F8231007EE05
:10581000901A69491144F8EEE77AC1ED007A6749B8
:1058200051F8231007EE901A65490A44F8EEE77A1A
:10583000C2ED007A0133FF2BCFD95B4D614C4FF4A1
:1058400080732A462146284602F0AAFC584E4FF49F
:10585000807332462146304602F0A2FC564F4FF488
:1058600080733A462146384602F09AFCDFF85081B0
:105870004FF4807342462146404602F091FCFFF708
:1058800091FDF0EE408A07AB0393052302930023BA
:1058900001934FF48073009343463A4631462846BD
:1058A000FFF776FFDDED077AF8EEE77A17EE901A4C
:1058B000DDED087AF8EEE77A17EE900A03F086FA43
:1058C000DFED417A07EE100A67EE277A9FED3F7A07
:1058D00087EE878AB5EEC08AF1EE10FA1ED43C4BF3
:1058E000D3ED007A3B4B93ED007AF4EE477AF1EE7C
:1058F00010FA18D1364BD3ED007AF4EEE87AF1EED7
:1059000010FA21DC344B93ED007ADFED347AB4EEFB
:10591000E77AF1EE10FA14D5314C16E0DFED317A6A
:1059200038EE278ADBE717EE900AFAF71DFE0246EB
:105930000B462D4805F0D8F9254B1A68254B1A60FF
:10594000D8E718EE104A00E0254CB0EE681AF0EEE9
:10595000480A00EE104AFFF7C7FC2046FAF704FE9B
:1059600006460F461A4B1868FAF7FEFDCDE904010A
:1059700018EE900AFAF7F8FDCDE9020118EE100AC8
:10598000FAF7F2FDCDE9000132463B46174805F033
:10599000ABF9174805F01CFA20460CB0BDEC028BA1
:1059A000BDE8F081EC3A002014040020944B002064
:1059B0001408002040610020140C002040650020E5
:1059C000141000201414002000003443DB0F494061
:1059D0000C0200201002002014180020CDCCCC3D79
:1059E000000080BF0000B44340DF000860DF000813
:1059F0003CE1000810B52DED028B08EE100A0024E2
:105A000019E007EE904AB8EE677ADFED177A67EE95
:105A1000277A17EE900A02F07FFBF6EE007A07EE87
:105A2000100A27EE277A114B03EB840377EEC77A2F
:105A3000C3ED007A0134FF2CE3D900230FE007EE19
:105A4000903AF8EE677A67EE887A094A02EB8302A9
:105A50009FED087A67EE877AC2ED007A01337F2BDB
:105A6000EDD9BDEC028B10BDDB0FC93C1414002036
:105A7000140200200000803B70B52DED028B84B035
:105A80006348FBF7B5FF00250095012301930293BE
:105A90002C4615E05F4805F09BF919E05E4805F0DB
:105AA00097F91AE05D4805F093F91DE05848FCF7B6
:105AB00020F880B2C0F580500544ADB20134A4B2E4
:105AC000092C1BD869465248FCF716F80028E1D18A
:105AD0004F48FBF709FF0028E0D141F288314C48DC
:105AE000FBF7A6FF0028DDD14948FCF7D7F810F4F2
:105AF000007FDBD14A4805F06BF9D7E7494BA3FBA0
:105B00000535C5F3CF050024264615E0414805F0CC
:105B10005FF91CE0404805F05BF91DE03F4805F0E7
:105B200057F920E03A48FBF7E4FF80B2C0F5805017
:105B3000304486B20134A4B2092C1ED804A904232F
:105B400041F8103D3248FBF7D7FF0028DED130483E
:105B5000FBF7CAFE0028DDD141F288312C48FBF763
:105B600067FF0028DAD12A48FCF798F810F4007F84
:105B7000D8D12B4805F02CF9D4E72A48A0FB0630F1
:105B8000C0F3CF0607EE905AF8EEE77A9FED268A2B
:105B900077EE887A17EE900A03F01AF9DFED237A90
:105BA00007EE100A67EE277A17EE900AFAF7DCFC88
:105BB00004460D4607EE906AF8EEE77A77EE887AAB
:105BC00017EE900A03F004F9FAF7CEFC0EA3D3E91E
:105BD0000023FAF721FD02460B4620462946FAF734
:105BE00065FBFBF711F807EE900A114B1860F5EE14
:105BF000C07AF1EE10FA03D404B0BDEC028B70BD94
:105C000000221A60F8E700BF333333333333E33F06
:105C10007838002090DF0008B0DF0008C8DF0008F7
:105C2000ECDF0008CDCCCCCCCDCCCC3D9A99993EC4
:105C30000C020020014B1860704700BF0C020020CE
:105C400008B504222349244805F0E2F8E8B104220B
:105C50002249214805F0DCF818BB21491E4805F00F
:105C6000E9F8E0B104F0EEFAFAF7CEFF1D4B186048
:105C7000FAF77AFC02460B461B4805F035F8642219
:105C80000021154804F01FFB08BD164B1868FAF7F1
:105C90006BFC02460B46154805F026F8EFE700209E
:105CA000E4E7042212490C4805F0B2F80028E6D1D6
:105CB000104805F08DF800F0EFFEBFF34F8F0E494E
:105CC000CA6802F4E0620D4B1343CB60BFF34F8F01
:105CD00000BFFDE704E00008343400202CE0000899
:105CE00034E000080C02002040E000080CE000084E
:105CF00064E000086CE0000800ED00E00400FA0534
:105D0000124B1B88632B05D80178114AD1540133FB
:105D10000E4A138003780A2B02D00D2B00D0704757
:105D200010B50B4C21460B4804F0DEFF21460A4813
:105D300005F066F8FFF784FF64220021204604F096
:105D4000C2FA024B00221A8010BD00BF18180020B2
:105D5000983400207CE00008343400202E4B1B884F
:105D6000B3F5806F03D92C4B4FF480621A802A4B15
:105D70005B88B3F5806F03D9274B4FF480625A805C
:105D8000254B9B88B3F5806F03D9234B4FF480627A
:105D90009A80214BDB88B3F5806F03D91E4B4FF4FB
:105DA0008062DA801C4B1B89B3F5806F03D91A4BD4
:105DB0004FF480621A81184B5B89B3F5806F03D969
:105DC000154B4FF480625A81134B9B89B3F5806F5A
:105DD00003D9114B4FF480629A810F4BDB89B3F5E5
:105DE000806F03D90C4B4FF48062DA810B4B1A6839
:105DF000094B19885163598891639988D163D9886F
:105E00001164074A12681989516359899163998904
:105E1000D163DB891364704708000020D437002069
:105E2000C836002038B51F4C4FF49673238063802A
:105E3000A380E38023816381A381E381FFF78EFF49
:105E4000194D00212846FEF745FD04212846FEF79E
:105E500041FD08212846FEF73DFD0C212846FEF7AE
:105E600039FD124D00212846FEF734FD0421284655
:105E7000FEF730FD08212846FEF72CFD0C212846B0
:105E8000FEF728FD6420FBF755FC4FF48063238068
:105E90006380A380E38023816381A381E381FFF793
:105EA0005DFF38BD08000020D4370020C836002030
:105EB00008B507EE900AF5EEC07AF1EE10FA07DDAC
:105EC0009FEDA57AF4EEC77AF1EE10FA00F18B801F
:105ED0009FEDA17AF4EEC77AF1EE10FA07DD9FED9F
:105EE0009F7AF4EEC77AF1EE10FA00F198809FEDF8
:105EF0009B7AF4EEC77AF1EE10FA07DD9FED987AFF
:105F0000F4EEC77AF1EE10FA00F1A3809FED947AD7
:105F1000F4EEC77AF1EE10FA07DD9FED927AF4EE17
:105F2000C77AF1EE10FA00F1AE809FED8E7AF4EEB2
:105F3000C77AF1EE10FA07DD9FED8B7AF4EEC77A9F
:105F4000F1EE10FA00F1B9809FED877AF4EEC77A8E
:105F5000F1EE10FA07DD9FED857AF4EEC77AF1EEE7
:105F600010FA00F1C4809FED817AF4EEC77AF1EE69
:105F700010FA07DD9FED7E7AF4EEC77AF1EE10FAA3
:105F800000F1CF809FED7A7AF4EEC77AF1EE10FA45
:105F900007DD9FED787AF4EEC77AF1EE10FA00F1A2
:105FA000ED809FED747AF4EEC77AF1EE10FA00F30B
:105FB000FF80714B1A8878321A805A8878325A805A
:105FC0009A8878329A80DA887832DA801A89783238
:105FD0001A815A8978325A819A8978329A81DA8973
:105FE0007832DA8118E0644B4FF496721A805A883E
:105FF00078325A809A8878329A80DA887832DA80D1
:106000001A8978321A815A8978325A819A89783273
:106010009A81DA897832DA81FFF7A0FE08BD564B03
:106020001A8878321A804FF496725A809A88783299
:106030009A80DA887832DA801A8978321A815A8915
:1060400078325A819A8978329A81DA897832DA817B
:10605000E2E7494B1A8878321A805A8878325A8097
:106060004FF496729A80DA887832DA801A89783218
:106070001A815A8978325A819A8978329A81DA89D2
:106080007832DA81C8E73C4B1A8878321A805A880D
:1060900078325A809A8878329A804FF49672DA80F1
:1060A0001A8978321A815A8978325A819A897832D3
:1060B0009A81DA897832DA81AEE72F4B1A88783202
:1060C0001A805A8878325A809A8878329A80DA8888
:1060D0007832DA804FF496721A815A8978325A816E
:1060E0009A8978329A81DA897832DA8194E7224B78
:1060F0001A8878321A805A8878325A809A88783288
:106100009A80DA887832DA801A8978321A814FF4E4
:1061100096725A819A8978329A81DA897832DA814C
:106120007AE7154B1A8878321A805A8878325A8062
:106130009A8878329A80DA887832DA801A897832C6
:106140001A815A8978325A814FF496729A81DA8983
:106150007832DA8160E700BF0000B4410000874276
:106160000000E14200801D4300804A4300807743E5
:106170000040924300C0A84308000020194B1A8831
:1061800078321A805A8878325A809A8878329A807F
:10619000DA887832DA801A8978321A815A89783224
:1061A0005A819A8978329A814FF49672DA8133E76C
:1061B0000C4B4FF496721A805A8878325A809A881B
:1061C00078329A80DA887832DA801A8978321A81BD
:1061D0005A8978325A819A8978329A81DA89783262
:1061E000DA8119E70800002000B58BB00022079281
:1061F0000892099201921A4B196B41F0040119633C
:10620000196B01F00401019101990292196B41F09F
:1062100080011963196B01F08001029102990392C8
:10622000196B41F001011963196B01F00101039130
:10623000039904921A6B42F002021A631B6B03F07B
:1062400002030493049B4FF400530593054B0693FC
:1062500005A90548FCF706F80BB05DF804FB00BF84
:1062600000380240000021100008024010B582B042
:10627000002400942A4B1A6B42F480021A631A6BB2
:1062800002F480020092009A01941A6B42F4001208
:106290001A631B6B03F400130193019B22462146F2
:1062A0000B20FBF70FFD0B20FBF740FD224621469C
:1062B0000C20FBF707FD0C20FBF738FD224621469A
:1062C0000E20FBF7FFFC0E20FBF730FD2246214697
:1062D0000F20FBF7F7FC0F20FBF728FD2246214695
:1062E0001020FBF7EFFC1020FBF720FD2246214693
:1062F0001120FBF7E7FC1120FBF718FD2246214691
:106300003820FBF7DFFC3820FBF710FD2246214642
:106310003B20FBF7D7FC3B20FBF708FD02B010BD8C
:106320000038024008B50D480D4B03604FF48273EE
:1063300043604FF4806383600023C3600361436163
:106340004FF4007282613022C26180220262436295
:1063500083620A23C362FDF7AFFD08BD8C390020BC
:106360000030014008B50B480B4B0360002343602D
:106370004FF480628260C360036143614FF4007236
:10638000826180220262436283620A23C362FDF754
:1063900093FD08BD703600200038004008B50B485A
:1063A0000B4B0360002343604FF480628260C36044
:1063B000036143614FF40072826180220262436292
:1063C00083620A23C362FDF777FD08BD20380020F1
:1063D000003C004008B50B480B4B036000234360B2
:1063E0004FF480628260C360036143614FF40072C6
:1063F000826180220262436283620A23C362FDF7E4
:106400005BFD08BD283900200034014008B508486C
:10641000084B03604FF41653436000238360C3604E
:1064200003610C2242618361C361FEF74CFC08BD2D
:10643000E83900200044004030B58BB000240894B7
:106440000994019402940394049405940694079487
:10645000194D1A4B2B6002236B60AC604FF48063C4
:10646000EB602C61AC612846FEF75CF90894099456
:1064700008A92846FEF7CAFA602301930294039400
:106480000594224601A92846FEF7AAF904220DEB3D
:1064900002012846FEF7A4F9082201A92846FEF7C2
:1064A0009FF90C2201A92846FEF79AF9284600F028
:1064B000E3FE0BB030BD00BFD43700200004004025
:1064C00030B58BB00024089409940194029403948D
:1064D0000494059406940794194D1A4B2B600223DB
:1064E0006B60AC604FF48063EB602C61AC6128465C
:1064F000FEF718F90894099408A92846FEF786FAC9
:1065000060230193029403940594224601A928462E
:10651000FEF766F904220DEB02012846FEF760F94A
:10652000082201A92846FEF75BF90C2201A928469A
:10653000FEF756F9284600F09FFE0BB030BD00BFB5
:10654000C83600200008004070B584B000250095D2
:10655000019502950395104C104B23604FF4803346
:106560006360A5602561257684F82050E5620C4BB8
:10657000A362E5600126E66184F83050666120463A
:10658000FBF786F900950196029569462046FBF7D0
:10659000B3FA04B070BD00BF78380020002001407D
:1065A0000100000F08B50948094B0360094B43601F
:1065B000002383606022C2604FF480420261436125
:1065C0008361C3610362FCF7E5F808BDBC350020B8
:1065D000005C0040A086010010B5144640F6B833B8
:1065E00092B20248FEF79EFB204610BDE83900201B
:1065F00008B50268034B9A4200D008BD002000F0A5
:1066000027FBFAE70030014008B50268034B9A42C5
:1066100000D008BD012000F01BFBFAE7003001406C
:106620000268074B9A4200D0704710B5054C2046CF
:10663000FFF766FB012221460348FEF7F5FD10BD7A
:106640000044004088390020E8390020602A00D04A
:10665000704708B501290ED00C4B1978C1F108021A
:10666000202392B20A4801440A48FCF76DF90A4B0C
:1066700000221A7008BD01231A4608490548FCF794
:10668000AAF9054B00221A70F4E700BF1A1800207F
:1066900080390020BC3500201C3800202039002023
:1066A00008B502681C4B1B689A4200D008BD1B4B02
:1066B0001B781B4A1370072B02D9134607221A7046
:1066C000184B1B78072B02D80133164A1370154B51
:1066D000197808230122114801440F48FCF77BF97F
:1066E0000F4B1B78042BE1D10E4B1B78022BDDD90D
:1066F0000A4A5178937803EB01239BB207EE903A54
:10670000F8EE677A9FED087A67EE877A17EE900ABF
:10671000FFF790FACAE700BFBC35002020390020FF
:106720001A1800201C380020CDCCCC3D704700004A
:10673000014B00229A7170478039002008B5FCF7A0
:1067400091F908BD03686FF480625A6170470000D8
:1067500030B595B03022002108A803F0B4FD002424
:106760000394049405940694079401941A4B1A6CAC
:1067700042F080521A641B6C03F080530193019B1A
:106780000294164B1A6842F440421A601B6803F4E4
:1067900040430293029B0225089501230B9310238B
:1067A0000C930E950F9410934FF4C8731193042318
:1067B0001293139308A8FCF759FF0F230393049532
:1067C00005944FF4805306930794032103A8FDF723
:1067D000B5F915B030BD00BF003802400070004070
:1067E00010B5FAF77BFFFFF7B3FFFFF7FDFCFFF7EC
:1067F0003DFDFFF797FDFFF709FEFFF7B3FDFFF73C
:10680000CDFDFFF7E7FDFFF717FEFFF759FEFFF796
:106810009BFEFFF7C7FE01222C492D48FEF704FD21
:106820002C48FCF71FF92C4804F0D2FA00F0ACF821
:10683000FFF722F900F0CCF86420FAF77BFF00F0B4
:106840002BF96420FAF776FF244BD3ED007AF8EEAB
:10685000677A9FED237A67EE877AF3EE046A87EE14
:10686000A67A204C84ED007A17EE100AF9F77CFE28
:1068700000221D4BF9F7FAFF02460B461B4804F0B5
:1068800033FA2068FFF7B6F8FFF7CCFA184B43222B
:10689000DA7100F0E7F8174B00221A70164B01224C
:1068A0001A70144B1B78002BFBD000F07BF9FEF71D
:1068B0008DFF124B1860FFF7FBFA00F0A9F900F00A
:1068C000EBF81420FAF736FFE3E700BF8839002021
:1068D000E8390020BC35002084E0000818000020C2
:1068E0000000003CD037002000408F40B4E000089A
:1068F00080390020BC54002040690020E439002089
:106900007047024680B100230BE09068002140F8F8
:106910002310D06840F82310106940F82310013389
:10692000DBB211789942F0D870470000F8B5C8B1D1
:106930001546D9B1287051608400204603F0B0FCA0
:106940000646A860204603F0ABFC0746E8602046F8
:1069500003F0A6FC28616EB167B158B12846FFF775
:10696000D0FF06E0054804F033FA02E0044804F0E2
:106970002FFAF8BD034804F02BFAFAE7D0E000083C
:10698000F4E0000820E1000808B50C4B00221A7062
:106990000B4A14210320FFF7C9FF0A4A14210320E0
:1069A000FFF7C4FF084A14210320FFF7BFFF074A7F
:1069B00014210320FFF7BAFF08BD00BF4069002083
:1069C000804600206C46002014520020A85400206D
:1069D00008B54FF4A06217491748FDF775FBC0B919
:1069E0004FF4A06215491648FDF76EFB0146A8B9A1
:1069F0004FF4A06213491448FDF766FB014688B9BD
:106A00004FF4A06211491248FDF75EFB014668B9D8
:106A100008BD01460F4804F067F9E1E70E4804F0AD
:106A200063F9E5E70D4804F05FF9E9E70C4804F085
:106A30005BF9EDE74057002028390020405C00203A
:106A400020380020EC3E00207036002094460020C4
:106A50008C39002040E1000864E1000888E100086A
:106A6000ACE1000808B53B20FBF760F95420FBF7C8
:106A70005DF90B20FBF75AF93320FBF757F90E208D
:106A8000FBF754F92420FBF751F93820FBF74EF9B6
:106A90002320FBF74BF908BD08B53820FBF754F964
:106AA0002320FBF751F90E20FBF74EF92420FBF7CA
:106AB0004BF90B20FBF748F93320FBF745F93B2056
:106AC000FBF742F95420FBF73FF908BD2DE9F043ED
:106AD000814694465A68013A002715E04FF0FF3688
:106AE0001EE09D6804F18046013E55F8266055F889
:106AF0002400064445F824600134E4B21D78A54220
:106B0000EFD89AB10137013A8F4249D2FC0819F8FF
:106B1000044007F007052C4114F0010FDED00126D8
:106B20009D682C6834442C600124E7E75A689C680F
:106B30006FF0404E754454F825401D692E68DD689D
:106B4000A41B2C609D681E7876441C6955F826505D
:106B50002560012615E0D3F80C8006F1804E0EF179
:106B6000FF3E58F82E401D6955F82650641B48F822
:106B70002640DD681C6955F82E5044F82650013631
:106B8000F6B21C78B442E6D8DE6804F18044013CD9
:106B90005D68B7FBF5F556F824404CF82540B1E7A1
:106BA000BDE8F08308B50E4B0E4A4FF4A0510E48D5
:106BB000FFF78CFF0D4B0E4A4FF4A0510D48FFF725
:106BC00085FF0D4B0D4A4FF4A0510D48FFF77EFF96
:106BD0000C4B0D4A4FF4A0510C48FFF777FF08BD4E
:106BE00080460020EC3A0020944F00206C460020A4
:106BF000944B0020C054002014520020406100201B
:106C0000EC430020A85400204065002028520020BA
:106C100010B54FF4A06422460021094803F053FB4D
:106C200022460021074803F04EFB22460021064879
:106C300003F049FB22460021044803F044FB10BD49
:106C400094460020EC3E0020405C0020405700208D
:106C50001C4B1B78F3B1F0B900232FE003F5207231
:106C60001949885C1949C8541949885C1949C8549C
:106C70001949885C1949C8541949895C194AD15481
:106C80000133B3F5207FE9D3174B01221A700D4B66
:106C900000221A7070470023F3E70B4AD15C0B4ABD
:106CA000D1540B4AD15C0B4AD1540B4AD15C0B4AEC
:106CB000D1540B4AD15C0B4AD1540133B3F5207F38
:106CC000EBD3E1E74069002094460020944F002078
:106CD000EC3E0020C0540020405C0020EC4300202B
:106CE0004057002028520020BC54002000B583B03B
:106CF000002100910C4B5A6C42F480425A645A6C49
:106D000002F480420092009A01911A6C42F0805283
:106D10001A641B6C03F080530193019B0720FAF760
:106D2000BFFF03B05DF804FB0038024000B589B036
:106D3000002303930493059306930793026803F1DA
:106D4000804303F590339A4202D009B05DF804FB0A
:106D50000021019103F58C335A6C42F480725A641D
:106D60005A6C02F480720192019A02911A6B42F0FD
:106D700001021A631B6B03F001030293029B1123B0
:106D800003930323049303A90148FBF76BFADCE7A1
:106D9000000002402DE9F04788B0002303930493DC
:106DA0000593069307930268474B9A4202D008B0B6
:106DB000BDE8F087044600250095444E336B43F050
:106DC00004033363336B03F004030093009B0195CA
:106DD000336B43F001033363336B03F0010301931F
:106DE000019B4FF4007303934FF0120ACDF810A0EB
:106DF0004FF00109CDF814904FF00308CDF818803A
:106E00000427079703A93248FBF72CFA4FF4807345
:106E10000393CDF810A0CDF81490CDF81880079703
:106E200003A92C48FBF71EFA0295336C43F40003C8
:106E30003364336C03F400030293029B2648274B10
:106E400003604FF0007343608560C5604FF480635A
:106E5000036145618561C56105624562FBF718F80C
:106E600058BB1D4BA3639C631D481E4B03604FF032
:106E7000C0634360402383600023C3604FF480629B
:106E8000026143618361C36103624362FBF700F8FF
:106E9000B0B9134B63639C63002211464820FAF794
:106EA00011FF4820FAF742FF002211464920FAF765
:106EB00009FF4920FAF73AFF79E7FFF721FDD0E70C
:106EC000FFF71EFDE5E700BF005C00400038024010
:106ED00000080240000002401036002028600240F6
:106EE000FC340020706002402DE9F04190B004466F
:106EF00000230B930C930D930E930F9303687F4A1B
:106F000093420DD07E4A934252D07E4A934200F083
:106F1000AD807D4A934200F00D8110B0BDE8F08154
:106F200000250195794B5A6C42F480525A645A6C90
:106F300002F480520192019A02951A6B42F001020A
:106F40001A631B6B03F001030293029B60230B93F4
:106F500002230C9303230E9305230F930BA96C4874
:106F6000FBF780F96B486C4B03604FF0C0634360E4
:106F70008560C5604FF480630361456185614FF4AE
:106F80008073C3614FF4403303624562FAF780FFB8
:106F900058B9604BE3649C63002211462320FAF742
:106FA00091FE2320FAF7C2FEB7E7FFF7A9FCF0E74E
:106FB00000250395554B1A6C42F480421A641A6CF2
:106FC00002F480420392039A04951A6B42F0020283
:106FD0001A631A6B02F002020492049A05951A6B66
:106FE00042F004021A631B6B03F004030593059B34
:106FF0004FF400430B934FF00208CDF83080032785
:107000000E9705260F960BA94448FBF72BF9802312
:107010000B93CDF830800D950E970F960BA9404835
:10702000FBF720F93F48404B036045608560C56031
:107030004FF480630361456185614FF48073C361E0
:107040004FF4003303624562FAF722FF58B9354B1B
:10705000E3649C63002211462420FAF733FE2420C7
:10706000FAF764FE59E7FFF74BFCF0E700250695B9
:10707000264B1A6C42F400421A641A6C02F4004265
:107080000692069A07951A6B42F004021A631B6B6C
:1070900003F004030793079B4FF4A0530B930223C1
:1070A0000C9303230E9306230F930BA91C48FBF7A5
:1070B000D9F81E481E4B036045608560C5604FF4DB
:1070C00080630361456185614FF48073C3614FF450
:1070D000003303624562FAF7DBFE58B9134BE364F1
:1070E0009C63002211463320FAF7ECFD3320FAF7B7
:1070F0001DFE12E7FFF704FCF0E700BF003001407F
:1071000000380040003C004000340140003802409C
:10711000000002402C3A00201064024000040240AB
:107120000008024010370020586002408C3A0020CE
:1071300010600240002508952D4B5A6C42F4005215
:107140005A645A6C02F400520892089A09951A6B14
:1071500042F001021A631A6B02F001020992099AC5
:107160000A951A6B42F002021A631B6B03F00203CA
:107170000A930A9B02260B960C9603270E9705236B
:107180000F930BA91B48FBF76DF84FF400530B93BB
:107190000C960D950E9706230F930BA91648FBF737
:1071A00061F81648164B03604FF02063436085601A
:1071B000C5604FF480630361456185614FF480735E
:1071C000C3614FF4003303624562FAF761FE58B9B8
:1071D0000A4BE3649C63002211465420FAF772FDC7
:1071E0005420FAF7A3FD98E6FFF78AFBF0E700BF0B
:1071F00000380240000002400004024070370020C6
:107200005864024000B583B00368184A934205D021
:10721000174A934216D003B05DF804FB0021009199
:10722000144B1A6C42F002021A641B6C03F0020346
:107230000093009B0A461D20FAF744FD1D20FAF733
:1072400075FDE8E7002101910A4B1A6C42F0040237
:107250001A641B6C03F004030193019B0A461E2071
:10726000FAF730FD1E20FAF761FDD4E70004004074
:10727000000800400038024030B589B00023039375
:1072800004930593069307930368254A934204D019
:10729000244A93422CD009B030BD00250095224BE2
:1072A0001A6B42F002021A631A6B02F00202009299
:1072B000009A01951A6B42F004021A631B6B03F0EB
:1072C00004030193019B2223039302240494079453
:1072D00003A91648FAF7C6FF4FF4A073039304946A
:1072E00005950695079403A91148FAF7BBFFD2E765
:1072F000002302930C4B1A6B42F002021A631B6BC1
:1073000003F002030293029B4FF470730393022372
:107310000493079303A90548FAF7A4FFBBE700BF4E
:107320000004004000080040003802400004024011
:107330000008024030B589B00023039304930593FD
:10734000069307930268334B9A4201D009B030BDCF
:1073500004460025019503F5FA331A6C42F4003215
:107360001A641A6C02F400320192019A02951A6BA7
:1073700042F001021A631B6B03F001030293029BAC
:107380000C230393022304930323069307230793F9
:1073900003A92148FAF766FF2048214B03604FF00C
:1073A000006343608560C5604FF48063036145619D
:1073B0008561C56105624562FAF76AFD18BB174B26
:1073C000A3639C631748184B03604FF0006343604E
:1073D000402383600023C3604FF4806202614361F5
:1073E0008361C36103624362FAF752FD70B90D4BCA
:1073F00063639C63002211462620FAF763FC262073
:10740000FAF794FCA2E7FFF77BFAD8E7FFF778FAE0
:10741000EDE700BF00440040000002405C35002062
:1074200088600240C0380020A06002407047FEE73C
:10743000FEE7FEE7FEE770477047704708B5FAF7CA
:1074400067F908BD08B50248FAF71AFE08BD00BF83
:107450008C3A002008B50248FAF712FE08BD00BFBA
:107460001036002008B50248FAF70AFE08BD00BF32
:107470001037002008B50248FAF702FE08BD00BF29
:10748000FC34002008B50248FAF7FAFD08BD00BF39
:107490005C35002008B50248FAF7F2FD08BD00BFD0
:1074A000C038002008B50248FDF731F808BD00BF1C
:1074B000D437002008B50248FDF729F808BD00BF01
:1074C000C836002008B50248FCF700FF08BD00BF21
:1074D0008C39002008B50248FCF7F8FE08BD00BF53
:1074E0007036002008B50248FDF728FD08BD00BF32
:1074F000E839002008B50248FCF7E8FE08BD00BFE7
:107500002038002008B50248FAF7BAFD08BD00BFD0
:107510002C3A002008B50248FAF7B2FD08BD00BFBA
:107520007037002008B50248FBF770FF08BD00BFA8
:10753000BC35002008B50248FCF735F808BD00BF8F
:10754000BC35002008B50248FCF7C0FE08BD00BFEE
:107550002839002070B50D461646002404E0AFF32C
:107560000080287001340135B442F8DB304670BD2C
:1075700008B503460B4A126842B10A4A1068034430
:107580006A46934206D8074A136008BD054A064971
:107590001160F2E702F05AFE0C2303604FF0FF3057
:1075A000F3E700BF1C180020486900204FF0FF30AF
:1075B00070474FF400534B60002070470120704724
:1075C00000207047054BD3F8882042F47002C3F8BE
:1075D00088204FF000629A60704700BF00ED00E025
:1075E000DFF834D0002103E00C4B5B5843500431EA
:1075F0000B480C4B42189A42F6D30B4A02E0002388
:1076000042F8043B094B9A42F9D3FFF7DBFF02F043
:1076100023FEFFF7E5F8704700000220E0F80008BD
:1076200000000020F0010020F00100204869002047
:10763000FEE700002DE9F04F93B003880E900C4652
:107640004268119158081090810004EB8300DB0818
:107650000F90099300F0328101F110031032C71826
:1076600004EB030804F1100600F11009BB46009278
:1076700059F8102C56F8103C59F80C1C59F8080C05
:1076800058F808EC58F804CC019102905BF8101CF3
:107690005BF80C0C58F8104C58F80C7CCDF80CE04A
:1076A000CDF810C05BF808EC5BF804CC0C910590A9
:1076B00011461846CDF818E0CDF81CC00D9308927D
:1076C0000A940B97F9F7F6FA56F80CAC59F8045CE3
:1076D000019946F8100C5046F9F7ECFA56F8087C78
:1076E000029946F80C0C3846F9F7E4FA56F8044CBF
:1076F00046F8080C29462046F9F7DCFA0D9B089A53
:1077000046F8040C11461846F9F7D2FA0199089088
:107710005046F9F7CDFA029982463846F9F7C8FA89
:10772000294601902046F9F7C3FA0C9F0D900A9C58
:1077300039462046F9F7BEFA0B9D059948F8100C1A
:107740002846F9F7B7FA069948F80C0C0398F9F7A8
:10775000B1FA079948F8080C0498F9F7ABFA2146F2
:1077600048F8040C3846F9F7A3FA29460746059865
:10777000F9F79EFA039902900698F9F799FA049995
:1077800003900798F9F794FA009A049052F8104C75
:10779000089852F80C5C2146F9F794FB29460590AD
:1077A0005046F9F78FFB059B01461846F9F782FA18
:1077B000214649F8100C5046F9F784FB29468246C9
:1077C0000898F9F77FFB01465046F9F771FA294608
:1077D00049F80C0C3846F9F775FB214682460298A9
:1077E000F9F770FB01465046F9F762FA29464BF863
:1077F000100C0298F9F766FB214605463846F9F762
:1078000061FB01462846F9F755FA009A4BF80C0C33
:1078100052F8084C019852F8045C2146F9F752FBE3
:10782000DDF834A0074629465046F9F74BFB0146E0
:107830003846F9F73FFA214649F8080C5046F9F75F
:1078400041FB294607460198F9F73CFB01463846BB
:10785000F9F72EFA294649F8040C0398F9F732FB98
:10786000DDF810A0074621465046F9F72BFB0146EC
:107870003846F9F71DFA29464BF8080C5046F9F737
:1078800021FB214605460398F9F71CFB01462846D3
:10789000F9F710FA009B4BF8040C10330093099B86
:1078A000013B06F1100608F1100809F110090BF16F
:1078B000100B09937FF4DCAE0E9B5A68BDF8404074
:1078C00011982146022300F0C7FC0E9B0F985A68BE
:1078D0002146022313B0BDE8F04F00F0BDBC00BF4D
:1078E0002DE9F04F04880E68456864084FEA840A61
:1078F00001EB0A03A7B053F82470249003EB0A0E9F
:107900001B9130463946CDF868E01893F9F7D2F963
:10791000394683463046F9F7CBF91A9E00901B98FA
:107920007768466839463046F9F7C4F93946019018
:107930003046F9F7BDF91B9F1A9A57F8247052F890
:107940002460189B029039465846D3F80490F9F702
:10795000B1F93146F9F7AEF91A9A02EB0A010A4673
:107960001B99D2F8048019928E46189A4EF8080B8B
:1079700001985168CDF874E0F9F79CF919994968B4
:10798000F9F798F91B9B494658600098F9F792F966
:107990004146F9F78DF91B9B394643F824000298BC
:1079A000F9F786F93146F9F785F9189B3946586099
:1079B0005846F9F77DF93146F9F77AF9189A4946A8
:1079C00042F824000198F9F773F94146F9F770F984
:1079D0001A9B494658600098F9F76AF94146F9F749
:1079E00069F939461A9F47F824000298F9F762F9B5
:1079F0003146F9F75DF919991A9F48600E46083625
:107A000018981C9607F108061E9600F108066408EF
:107A10001F9605F10806A21E219605F11006239473
:107A200022960C465208314605F1180620962592FA
:107A300000F00782AAF10C0326461C441B9B02940B
:107A40001033019300F11003184605F1200304934D
:107A500005F1300303933B461033A7F10C0B009361
:107A60000023059106F1100A14920693D846814628
:107A7000019E009F56F8084C57F8085C204629469E
:107A8000F9F718F9294607902046F9F711F956F841
:107A9000044C57F8045C089029462046019600974C
:107AA000F9F708F9294607462046F9F701F959F888
:107AB00004BC5AF8046C099059460898F9F7FAF88A
:107AC0003146F9F7F5F859F8085C5AF8084C0A906D
:107AD00029460998F9F7ECF82146F9F7EBF8294619
:107AE0000B900798F9F7E4F82146F9F7E1F85946C1
:107AF0000C903846F9F7DCF83146F9F7D9F85946D1
:107B00000D900898F9F7D4F83146F9F7D3F82946DB
:107B100008900998F9F7CEF82146F9F7C9F82946EF
:107B200009900798F9F7C6F82146F9F7C3F8019DBF
:107B300045F8080C59F8041C3846F9F7BBF85AF810
:107B4000041CF9F7B7F8189A069B45F8040CD418EA
:107B5000199A0195D3181F4654F8085C57F8086C19
:107B600028463146F9F7A6F8314607902846F9F736
:107B70009FF854F8045C57F8046C15978346314617
:107B80002846F9F797F831460E902846F9F790F80D
:107B9000029FD8F80860BD680F9029463046F9F773
:107BA00087F8014617905846F9F784F8D8F804305A
:107BB00002977F68109019460F981293F9F778F89A
:107BC0003946F9F777F8129B1693194611900798E2
:107BD000F9F76EF83946F9F76BF8314612900E98BE
:107BE000F9F766F82946F9F763F8179A139059469A
:107BF0001046F9F75DF8169B834619463846F9F7A3
:107C000057F80F99F9F754F8314607460E98F9F7E7
:107C100051F82946F9F74EF844F8040CD8F8041046
:107C20000798F9F747F802994968F9F743F8059D6D
:107C300044F8080C55F8084C0A9855F8045C21469D
:107C4000F9F740F9294606460B98F9F73BF9014642
:107C50003046F9F72FF8214649F8080C0B98F9F748
:107C600031F9294606460A98F9F72CF901463046BB
:107C7000F9F71EF8294649F8040C1198F9F722F98A
:107C8000214606461098F9F71DF901463046F9F7E6
:107C90000FF82946C8F808001098F9F713F921469B
:107CA00005461198F9F70EF901462846F9F702F84A
:107CB000049DC8F8040055F8104C0C9855F80C5C5D
:107CC0002146F9F7FFF8294606460D98F9F7FAF824
:107CD00001463046F8F7EEFF009A214642F8080CBC
:107CE0000D98F9F7EFF8294606460C98F9F7EAF8E7
:107CF00001463046F8F7DCFF1399009A01F1004382
:107D000042F8040C21461846F9F7DCF829460646E5
:107D10001298F9F7D7F801463046F8F7C9FF159ED3
:107D2000294646F8040C1398F9F7CCF82146054685
:107D30001298F9F7C7F801462846F8F7B9FF46F850
:107D4000080C039E089856F8184C56F8145C214607
:107D5000F9F7B8F8294606460998F9F7B3F8014645
:107D60003046F8F7A7FF21464AF8080C0998F9F7BA
:107D7000A9F8294606460898F9F7A4F801463046BE
:107D8000F8F796FF29464AF8040C3846F9F79AF8AE
:107D9000214606465846F9F795F801463046F8F769
:107DA00087FF029E2946B0605846F9F78BF82146B6
:107DB00005463846F9F786F801462846F8F77AFF6F
:107DC000019B1F46069B08370197A3F10807059BF7
:107DD000069708330593049D009A039C706005F193
:107DE0001003049302F10803009304F118030393B2
:107DF000A6F108030293149B013B09F10809A8F1BD
:107E000008080AF1080A14937FF432AE25992298E3
:107E1000CB0001EB410200EB011122911D991944A5
:107E20001D912199194421911F9919441F911E995F
:107E300019441E911C991944209B1C9103EBC20309
:107E400020931D9E1E9F34683D6820462946F8F702
:107E500031FF294681462046F8F72AFF74687D687D
:107E60001D968346294620461E97F8F723FF29468C
:107E700080462046F8F71CFF1F9C1C9B67685E68C5
:107E8000824639465846F8F715FF3146F8F710FF95
:107E90001C9925681F940C68009029465046F8F7F5
:107EA00007FF2146F8F706FF294601904846F8F7F4
:107EB000FFFE2146F8F7FCFE394602904046F8F7EF
:107EC000F7FE3146F8F7F4FE394603905846F8F7C6
:107ED000EFFE3146F8F7EEFE294606465046F8F723
:107EE000E9FE2146F8F7E4FE294682464846F8F7BF
:107EF000E1FE2146F8F7DEFE1D9D28601F9F4046EB
:107F00007968F8F7D7FE1C9A5168F8F7D3FE219CE0
:107F100068602568DDF80090646829464846F8F7EF
:107F2000D1FFDDF804B0804621465846F8F7CAFF75
:107F300001464046F8F7BEFE294638605846F8F735
:107F4000C1FF214605464846F8F7BCFF01462846D2
:107F5000F8F7AEFE229C78602568DDF8089064682A
:107F600029464846F8F7AEFFDDF80C800746214663
:107F70004046F8F7A7FF01463846F8F79BFE1E9FDC
:107F8000294638604046F8F79DFF21460546484699
:107F9000F8F798FF01462846F8F78AFE209978609E
:107FA0000D684C6830462946F8F78CFF2146074695
:107FB0005046F8F787FF01463846F8F77BFE1C9FCE
:107FC000294638605046F8F77DFF21460546304681
:107FD000F8F778FF01462846F8F76AFEBDF88C40AE
:107FE000249E786072681B982146042300F034F9BF
:107FF000189872682146042300F02EF91A987268C6
:108000002146042300F028F97268199821460423B8
:1080100027B0BDE8F04F00F01FB900BF2DE9F041D7
:10802000012A064617460C469846058858D0B5F5ED
:10803000807F50D016D9B5F5806F1AD060D9B5F5CC
:10804000006F48D0B5F5805F05D1012372682946DD
:10805000204600F001F9B8F1000F11D1012F16D020
:10806000BDE8F081202D36D04ED9402DEDD0802DA9
:10807000F1D121463046FFF7DDFAB8F1000FEDD01F
:10808000B268B1892046F8F7ABF8012FE8D128464D
:10809000F8F7C0FE01464FF07E50F8F7C7FF0746DD
:1080A000002DDDD00834002654F8080C3946F8F7C6
:1080B00009FF54F8043C44F8080C394603F1004029
:1080C000F8F700FF0136B54244F8040C04F1080447
:1080D000EAD1BDE8F08121463046FFF701FCBAE75E
:1080E000ADB101F10C03002153F8082C013102F16C
:1080F00000428D4243F8082C03F10803F4D196E7BF
:10810000B5F5007FA1D0A6E7102DB2D0A3E7B5F555
:10811000807F90D8A6E700BFF8B51F49F8F7D2FED8
:108120004FF07A51F8F7C6FD0446F9F791F80021AF
:1081300005462046F9F764F800B1013D2846F8F7F6
:108140006DFE01462046F8F7B3FD4FF08841F8F781
:10815000B9FE0646F9F7A2F8C0F308042046F8F77E
:1081600059FE01463046F8F7A3FD0C4D0646014680
:108170004FF07E50F8F79CFD55F82410F8F7A2FE5A
:108180000134074655F824103046F8F79BFE0146A7
:108190003846F8F78FFDF8BD83F9223EF8E900086C
:1081A0002DE9F04F87B0804602939B0889460192E3
:1081B00003933ED000F1100601F1100502F1100406
:1081C0001F460490059155F80C1C56F80C0C56F8F7
:1081D00008BC55F8089CF8F775FE55F8101C56F8C1
:1081E00004AC804656F8100CF8F76CFE44F8100CFE
:1081F0004946584655F804BC44F80C8CF8F762FE22
:10820000594644F8080C5046F8F75CFE013F44F824
:10821000040C06F1100605F1100504F11004D2D18A
:1082200003AB93E80803019A1B011A44984499444C
:108230000192029B13F003040BD0019B1D1F59F800
:10824000041B58F8040BF8F73DFE013C45F8040FF9
:10825000F5D107B0BDE8F08F2DE9F04FB9B0054674
:10826000149318912B9037920B461791DB08D90085
:108270000E461691294631445A0012911F46129813
:1082800015921A442393C7EB477102EB430303EBA8
:10829000470405EBC20205EBC3038619C9002B9DF9
:1082A0000A960391161D1A1D05EBC4050292039C44
:1082B0000A9A179B07952244A7EB8700C7EB077123
:1082C0001392C20004920A0106923A010592DB0061
:1082D0000022DDF81CA031930192B34611932B9B31
:1082E000019F1A46049B52F837505AF803602846FB
:1082F0003146F8F7DFFC314604462846F8F7D8FC4B
:10830000129A029B01971146099051F8376053F871
:10831000047C30463946F8F7CDFC394605463046F0
:10832000F8F7C6FC0A99039F0B908E4601995AF8FC
:1083300007805EF8316041463046F8F7BBFC4146A5
:1083400007463046F8F7B4FC5BF8048CDAF8009086
:108350000C9049464046F8F7ADFC49460646404673
:10836000F8F7A6FC39460D902046F8F7A1FC3946EF
:108370000E902046F8F79EFC314604462846F8F752
:1083800097FC31460F902846F8F794FC05460146C5
:108390002046F8F78FFC019B2B9E294646F83300B8
:1083A0002046F8F785FC049D23994AF805005BF800
:1083B00005405BF8315020462946F8F77BFC2946FA
:1083C00007462046F8F774FC059E069C5BF80650AD
:1083D0005BF80440109029462046F8F76BFC2946CC
:1083E00081462046F8F764FC029A039E23995BF8C5
:1083F000065052F83160044631462846F8F75AFCD8
:10840000314680462846F8F753FC069E029D0790A9
:10841000AD59DAF8046028463146F8F74BFC31468E
:1084200008902846F8F744FC414606463846F8F7D7
:108430003FFC414605463846F8F73CFC0899804623
:108440004846F8F735FC089907464846F8F732FCE5
:10845000814601464046F8F72DFC049A49464BF800
:1084600002004046F8F724FC239ADDF838804BF8E8
:10847000320039464046F8F71DFC0A9B019A9E4699
:1084800039464EF832004046F8F712FCDDF83C80E1
:10849000039F41464AF807002846F8F709FC039F66
:1084A00029464BF807004046F8F704FC239A0D9D37
:1084B000DDF82C80029F294647F832004046F8F745
:1084C000F7FB8749F8F7FEFC294681464046F8F756
:1084D000F1FB8349F8F7F6FC314605462046F8F7EC
:1084E000E7FB7F49F8F7EEFC314607462046F8F7F0
:1084F000E1FB7B49F8F7E6FC099C089049462046D9
:10850000F8F7D6FB494680462046F8F7D3FBDDF85E
:108510003090099029464846F8F7CAFB2946044698
:108520004846F8F7C7FBDDF840900646394648460E
:10853000F8F7BEFB394605464846F8F7BBFB0899F5
:1085400007460798F8F7B4FB089981460798F8F7AB
:10855000B1FB014607900998F8F7ACFB079A019B1D
:108560001146139A42F833000998F8F7A1FB4946DF
:10857000CAF800004046F8F79DFB029A494642F8C7
:10858000040C4046F8F794FB31464BF8040C38468F
:10859000F8F78EFB3946069F4BF807003046F8F790
:1085A00089FB2146CAF804002846F8F781FB2946D2
:1085B000059D4BF805002046F8F77CFB019B1799B9
:1085C000029A069F0B441C460193119BD0511A44FA
:1085D0000292189A1146A1429A449B443FF67EAEFD
:1085E000239E072E40F21083149A134602EB420496
:1085F000A018DD002F468118379D30978A1802EBAE
:10860000030EEB19159D2F46374435463E46169FFF
:1086100036017D1BC9000896EE00379D2F914FEA69
:10862000CE0730993597D200EF1959183692259711
:10863000AF18149A2C912F992697E400C0001201CC
:108640006F183390329228182A19239D29926A01B3
:10865000349407962C990492139E2B9C2497012204
:108660002A9028912792074618680B9028985B68F3
:10867000299D0E93036819932B681A933B680C93FA
:10868000249B4068D3F800E0269BCDF86CE0D3F83B
:1086900000E0259BCDF870E01D90D3F800E06868FD
:1086A000249B1E9078681F9004F1080258682E924F
:1086B00006F1080120902D91CDF834E0269B01921F
:1086C0005868259B319A5B68229304F10C0302934E
:1086D00006F10C030693279B219003910A9301E076
:1086E000F304353F029B049F1692019A53F8045CF1
:1086F000D65928463146F8F7DDFA31460446284671
:10870000F8F7D6FA069D039955F8046C0497CF59EB
:108710000F9039463046F8F7CDFA394605463046CF
:10872000F8F7C6FA019A059E109097591646089ACE
:1087300056F8028038464146F8F7BCFA41460646EC
:108740003846F8F7B5FA0399019A079B11908E46BF
:10875000059952F803905EF8018049464046F8F7C3
:10876000A9FA494607464046F8F7A2FA3146129060
:108770002046F8F79DFA314682462046F8F79AFAE5
:10878000394604462846F8F793FA394606462846FD
:10879000F8F790FA054601462046F8F78BFA029F53
:1087A000294647F8040C2046F8F782FA019B029705
:1087B0003946049F5C68CF59054639462046F8F78C
:1087C00079FA394680462046F8F772FA039C1390EE
:1087D0006768069CA646049C5EF8049038464946A5
:1087E000F8F768FA494604463846F8F761FA089BF4
:1087F0000299059F51F80390CF5914904946384685
:10880000F8F758FA494683463846F8F751FA079A76
:10881000069B0299059F0990DF598B5815931946BD
:108820003846F8F747FA159B814619463846F8F757
:108830003FFA594615904046F8F73AFA5946074626
:108840004046F8F737FA494680462046F8F730FAAE
:10885000494683462046F8F72DFA59468146504648
:10886000F8F728FA594604465046F8F721FA4946DF
:1088700082464046F8F71EFA019A49465060404643
:10888000F8F716FA314681463846F8F711FA3946B4
:1088900080463046F8F70EFA294606460C98F8F757
:1088A00011FBDDF87CB0074649465846F8F70AFB4D
:1088B00001463846F8F7FEF9019B049A494698505C
:1088C0000C98F8F7FFFA294607465846F8F7FAFADF
:1088D00001463846F8F7ECF9029FDDF864B0049DD4
:1088E000214678515846F8F7EDFADDF874900546C0
:1088F00041464846F8F7E6FA01462846F8F7DAF91D
:10890000059A019D4146A8505846F8F7DBFA2146E2
:1089100005464846F8F7D6FA01462846F8F7C8F95A
:10892000059CDDF870B0385151465846F8F7CAFA40
:10893000DDF88490044631464846F8F7C3FA01460C
:108940002046F8F7B7F93D46019A089F3146D051C5
:108950005846F8F7B7FA514604464846F8F7B2FACF
:1089600001462046F8F7A4F9DDF848A0DDF840906C
:10897000E851514648460295F8F79AF9A149F8F7A7
:10898000A1FA514604464846F8F794F99D49F8F78C
:1089900099FADDF85480DDF850A00746414650466C
:1089A000F8F786F99749F8F78DFA4146814650461F
:1089B000F8F780F99349F8F785FA0F9E05462146A6
:1089C0003046F8F775F9214682463046F8F772F9D5
:1089D000DDF84480044639464046F8F769F93946DF
:1089E00006464046F8F766F9DDF84CB08046494641
:1089F0005846F8F75DF9494607465846F8F75AF9D8
:108A0000294681460998F8F753F92946834609987B
:108A1000F8F750F9014609902046F8F74BF9099B01
:108A2000054619462046F8F743F95946044650468C
:108A3000F8F740F9594609905046F8F739F9414698
:108A400083464846F8F734F9494682464046F8F7E7
:108A500031F9314681463846F8F72AF939468046D9
:108A60003046F8F727F9294606460B98F8F72AFA10
:108A7000514607460E98F8F725FA01463846F8F7AA
:108A800019F9069B514643F8040C0B98F8F71AFAAB
:108A9000294607460E98F8F715FA01463846F8F7C2
:108AA00007F9039F214678600D98F8F70BFADDF877
:108AB00088A0054649465046F8F704FA014628467C
:108AC000F8F7F8F8079A019F4946B8500D98F8F75B
:108AD000F9F9214605465046F8F7F4F901462846CB
:108AE000F8F7E6F8079A029DDDF86CA0A8500999FE
:108AF0005046F8F7E7F9DDF88090044641464846CD
:108B0000F8F7E0F901462046F8F7D4F8039A049BF9
:108B10004146D0505046F8F7D5F9099904464846E1
:108B2000F8F7D0F901462046F8F7C2F8069A049BF8
:108B3000DDF86890D05059464846F8F7C3F9DDF89B
:108B40007880044631464046F8F7BCF90146204695
:108B5000F8F7B0F8039B31469E46059E4EF8060096
:108B60004846F8F7AFF9594604464046F8F7AAF9DF
:108B700001462046F8F79CF80A99179C169A039B21
:108B800021440C460A91B9180191A918069D029139
:108B900013440393AB180693189BA851A3423FF6C6
:108BA000A1AD279B32992C982E9C2D9E01331A46FD
:108BB0002793289B0B4428933499299B0B44299392
:108BC00033992A9B0B442A932F99249B0B4424937B
:108BD0003699269B0B4426933599259B0B44239964
:108BE00025939142034605D030992A9F02460A44B4
:108BF0002C9239E5BDF8C0301493239B17932B9D1D
:108C0000FFF734BBF304353F39B0BDE8F08F00BF48
:108C10002DE9F041C1F30A57A7F2FF35132D0246A3
:108C20000B460C468846064620DC002D4ADB364FB4
:108C30002F4101EA070C5CEA000C1CD030A3D3E9F9
:108C40000023F7F733FB00220023F7F775FF48B145
:108C5000002C04DD4FF4801343FA05F5A84428EAFC
:108C60000704002621463046BDE8F081332D06DD9D
:108C7000B5F5806F38D010461946BDE8F081A7F2EF
:108C800013474FF0FF3C2CFA07F70742F3D01CA321
:108C9000D3E90023F7F70AFB00220023F7F74CFF84
:108CA0000028DFD0002C09DD142D22D00123C5F1CE
:108CB000340503FA05F5AE1928BF984426EA0706DD
:108CC0004446CFE70EA3D3E90023F7F7EFFA0022DB
:108CD0000023F7F731FF0028C4D0002C0CDB26431B
:108CE00005D00026094CBDE7F7F7E0FAC5E73446A2
:108CF000B8E704F10108E1E700264FF00044B1E7CE
:108D00009C7500883CE4377EFFFF0F000000F03FB9
:108D10002DE9F04F8BB004460D4600F0BDFA294B0B
:108D200093F900A0BAF1FF3F06460F4612D0224643
:108D30002B4620462946F7F709FF834650B94FF0E6
:108D400000084FF000092046294642464B46F7F7F7
:108D5000D5FE20B9304639460BB0BDE8F08F012270
:108D6000194BCDF820B00092CDE90445CDE902457C
:108D70000193BAF1000F17D042464B464046494690
:108D8000F7F774FDBAF1020FCDE906010ED101F03B
:108D90005DFA21230360089B73B9DDE9066730465D
:108DA00039460BB0BDE8F08FCDE90689684600F082
:108DB00065FF0028EFD1EAE701F048FA089B03605D
:108DC000EBE700BF1C0000206CF5000800F024BB9E
:108DD00010B52DED028B8AB008EE100A00F0D6FB1C
:108DE000334B93F90040631C09D0B4EE488AF1EE8E
:108DF00010FA04D6B5EEC08AF1EE10FA03D90AB023
:108E0000BDEC028B10BD2B4B019318EE100A002312
:108E10000893F7F7A9FBCDE90401CDE90201CCB92C
:108E2000254BB5EE408A4FF06042F1EE10FACDE9E5
:108E3000062334D102230093684600F01FFFB0B12F
:108E4000089BCBB9DDE90601F7F7DEFE0AB0BDEC01
:108E5000028B10BD194BB5EE408A0022F1EE10FADC
:108E6000CDE906230DD102239C420093E4D101F009
:108E7000EDF922230360E3E701F0E8F9089B0360C2
:108E8000E0E70123022C00930BD101F0DFF921234D
:108E900003600B4800F0F4FECDE90601D0E70123A2
:108EA0000093684600F0EAFE0028F2D1EDE700BF2B
:108EB0001C00002074F50008FFFFEFC70000F0FF62
:108EC0005CDF00082DE9F0432DED048BB34E8BB031
:108ED00008EE900A08EE101A00F0CEFB96F900504A
:108EE0006B1C044630D0B4EE488AF1EE10FA2BD653
:108EF000F4EE688AF1EE10FA68D69FEDA99AF4EEC6
:108F0000498AF1EE10FA25D1B4EE498AF1EE10FA51
:108F100040F090800123A34A009318EE900A0023AA
:108F200001920893F7F720FBCDE9020118EE100A31
:108F3000F7F71AFB00220023CDE90401CDE906234F
:108F4000002D60D04FF07E5420460BB0BDEC048B5A
:108F5000BDE8F08300F07CFF0546002800F09A8011
:108F600007EE904AF5EE407AF1EE10FAECD118EEE9
:108F7000900A00F06DFF0028E6D018EE100A00F00D
:108F800067FF0028E0D00423864A009318EE900A79
:108F9000002308930192F7F7E7FACDE9020118EEF2
:108FA000100AF7F7E1FA96F9003000240025022BA9
:108FB000CDE90401CDE9064503D0684600F05EFE28
:108FC00038BB01F043F92223036022E0B5EE408A6A
:108FD000F1EE10FAB8D10123724A009318EE900A0C
:108FE000002301920893F7F7BFFACDE9020118EECA
:108FF000100AF7F7B9FA6C4B0022022DCDE90401F3
:10900000CDE906239ED0684600F038FE002800F027
:109010008480089B1BB101F019F9089B0360DDE90E
:109020000601F7F7F1FD044620460BB0BDEC048BBA
:10903000BDE8F08318EE100A00F00AFF002883D084
:10904000B5EEC08AF1EE10FA7FF57EAF0123554AE6
:10905000009318EE900A002308930192F7F784FA20
:10906000CDE9020118EE100AF7F77EFA96F9003002
:10907000CDE90401002B55D04C490020022BCDE94D
:10908000060153D101F0E2F821230360089B002B75
:10909000C5D0C0E718EE900A00F0DAFE00283FF4D1
:1090A0005FAF18EE100A00F0D3FE00283FF458AF6F
:1090B00018EE900AF7F758FA804618EE100A89461B
:1090C000F7F752FA07EE904AF4EE677AF1EE10FAEB
:1090D00096F9007072D6F6EE007A0322314B0895AD
:1090E0000092CDE90289CDE90401019328EE278A97
:1090F00017BB2F4BF5EEC08A4FF06042F1EE10FA2D
:10910000CDE9062324D4684600F0B8FD0028BDD17F
:1091100001F09CF822230360B8E701F097F82123BF
:10912000036076E700220023CDE90623684600F0BD
:10913000A5FD0028AAD1A5E71E4BF5EEC08A0022A6
:10914000F1EE10FACDE9062315D4022FE0D0DAE7CC
:1091500018EE100A00F088FE07EE900AF4EE487A46
:10916000F1EE10FA16D0144B96F900704FF06042F1
:10917000CDE90623E9E718EE100A00F075FE07EEC8
:10918000900AF4EE487AF1EE10FA03D0074B002271
:10919000CDE9062396F90070D7E700BF1C00002038
:1091A000000000007CF500080000F03F0000F0FF28
:1091B000FFFFEF470000F07FFFFFEFC701220B4BDF
:1091C00008950092CDE90289CDE904010193002FB1
:1091D000A8D0C9EE097A17EE900AF7F7C5F9022F61
:1091E000CDE906013FF44EAFA0E700BF7CF50008D3
:1091F00010B52DED028B8AB008EE100A00F036FD96
:10920000234B93F90040631C09D0B4EE488AF1EE79
:1092100010FA04D6B5EEC08AF1EE10FA03D40AB003
:10922000BDEC028B10BD01231A4A009318EE100A00
:10923000002301920893F7F797F90022CDE9040182
:10924000CDE902010023ACB110461946F7F70EFB39
:10925000022CCDE906010FD100F0F8FF21230360B5
:10926000089B7BB9DDE90601F7F7CEFC0AB0BDEC3F
:10927000028B10BDCDE90623684600F0FFFC0028F4
:10928000EED1E9E700F0E2FF089B0360EAE700BFE8
:109290001C00002084F500085E4A8A432DE9F04155
:1092A00004460D4600F0958000290B46064684468C
:1092B00056DD0F1500F0A580C3F31303A7F2FF37A7
:1092C00043F480134FEADC72F80702EB43034FEAE2
:1092D0004C0504D5ED0F05EB43034FEA8C05002642
:1092E0007F10B44616224FF400110CEB0100984297
:1092F0004FEAD5744FEA450503DC1B1A00EB010C5D
:109300000E44013A04EB43034FEA5101EDD11046FC
:10931000964620244FF0004209E051D05B00013C0A
:1093200003EBD5734FEA52024FEA450537D0634548
:1093300002EB0E01F1DD002901EB020E0ADBE04633
:10934000A3EB0C03A94288BF03F1FF336D1A10444D
:10935000C446E3E7BEF1000FF1DB0CF10108EFE7D3
:1093600021F00042024329D0002942D10146CA0A15
:10937000153B4905002AFAD012F4801001D044E0D0
:1093800060465200D40200F1010CF9D5CCF1200462
:1093900001FA0CFCE1401F1A41EA02038CE72B435F
:1093A00021D14408731003F17F53F20703F5001332
:1093B00048BF44F0004403EB07512046BDE8F0816C
:1093C000A942ABD8002901EB020EC3DB984600236B
:1093D000BCE702460B46F7F71FF922462B46F6F785
:1093E00065FFBDE8F081411C16BF421C01365408E0
:1093F000D8E70246F6F758FF02460B46F7F736FA6B
:10940000DCE71A4631463B46B6E78C4620244FF04F
:10941000FF30BFE70000F07F30B583B007EE900A61
:109420000191019B23F00042B2F1FF4F17DC20F0C5
:109430000041B1F1FF4F054611DCB3F17E5F3FD033
:109440009C1704F0020444EAD07481B9022C4CD079
:109450009FED437A032C08BFF0EE477A03E09DEDC1
:10946000017A77EE277A17EE900A03B030BDF2B199
:10947000B2F1FF4F29D0B1F1FF4F18D08A1AD2159F
:109480003C2A35DC002B36DA3C3234DADFED357A33
:10949000012C47D0022C3CD0002CE4D0DFED326A06
:1094A0009FED327A77EEA67A77EEC77ADBE7DFEDCB
:1094B000307A9FED307A002DB8BFF0EE477AD2E7D0
:1094C00003B0BDE8304000F0E1BBB1F1FF4F30D058
:1094D000022C0AD0032C39D0DFED277A9FED217AB8
:1094E000012C18BFF0EE477ABDE7DFED207ABAE72E
:1094F000DFED1F7ACCE7019807EE100AC7EE877AF6
:1095000017EE900A00F0A0FC00F0C0FB07EE900AF6
:10951000BEE7DFED156A9FED157A77EEA67A77EE56
:10952000677AA0E717EE903A03F1004307EE903A0E
:1095300099E7022C10D0032C0BD0DFED107A9FEDB1
:10954000107A012C18BFF0EE477A8CE7DFED047A31
:1095500089E7DFED0C7A86E7DFED0B7A83E700BF62
:10956000DB0F49C0000000002EBDBB33DB0F4940BC
:10957000DB0FC93FDB0FC9BF00000080DB0F49BF15
:10958000DB0F493FE4CB16C0E4CB164000B52DED10
:10959000028B83B00190019830F0004337D000284F
:1095A00042DBB0F1FF4F4EDAB0F5000F56DADFEDD7
:1095B0002C7A9DED017A67EE277A6FF0180217EE8C
:1095C000900AC3157F3B1344DA0F134407EE903A19
:1095D000C2F17F01C0F3160040EAC150B8EEE78A3D
:1095E00000F01EFDDFED1F7ADFED1F6A9FED1F7A91
:1095F00006EE100A66EE277AE8EE267AE8EE077A9B
:1096000017EE900A03B0BDEC028B5DF804FBDFEDB2
:10961000186A9FED187AC6EE877A17EE900A03B0A3
:10962000BDEC028B5DF804FBDDED017A9FED117A54
:1096300077EEE76AC6EE877A17EE900A03B0BDECC4
:10964000028B5DF804FBDDED017A77EEA77A17EE69
:10965000900A03B0BDEC028B5DF804FB0022B0E77A
:109660000000004CD95BDE3EDB27543580209A3E5B
:10967000000000CC000000002DE9F04731F000466A
:109680002DED028B12D020F00047B7F1FF4F80463E
:1096900006DDBDEC028B5A48BDE8F04700F0E0BBA8
:1096A000B6F1FF4F08DDB7F17E5FF2D14FF07E508B
:1096B000BDEC028BBDE8F08700280C462BDB4FF099
:1096C0000009B6F1FF4F38D0B6F17E5F3DD0B4F15E
:1096D000804F19D0B4F17C5F05468A4643D1B8F17A
:1096E000000F6FDA00F0B0FBB7F1FF4F01D0002F91
:1096F0003FD1A7F17E5757EA090369D0B9F1010FAD
:10970000D6D180F00040D3E707EE900A67EEA77A43
:1097100017EE900ACCE7B6F1974F21DAB6F17E5FEB
:1097200008DBF315C3F1960346FA03F202FA03F3DA
:10973000B34256D04FF00009C6E7B7F17E5FB5D00F
:109740003BDD002C28DB0846B2E7002CB0DA07EE40
:10975000100AF7EE007AC7EE877A17EE900AA7E7AD
:109760004FF00209ADE700F06FFBB7F1FF4F15D0E6
:10977000A7B1B7F17E5F11D04FEAD873013B59EA28
:10978000030233D0B6F19A4F40DD1E4A974200F3F0
:109790009481002CC0F29781002089E7002C07DA21
:1097A00007EE100AF7EE007AC7EE877A17EE900AF6
:1097B000B8F1000FBFF67CAF9BE7002CECDA81F02C
:1097C000004075E7BDEC028BBDE8F04700F04EBAF3
:1097D00007EE900A77EEE77AC7EEA77A17EE900ABF
:1097E00066E702F00102C2F102096DE707EE905A46
:1097F00077EEE77AC7EEA77A17EE900A58E700BF30
:109800005CDF0008F7FF7F3F0000804BB7F5000FDB
:1098100080F249815FED047A07EE100A67EE277A3D
:109820006FF0170217EE907AF048F915C7F3160794
:109830007F398742114447F07E5240F33681EC482D
:10984000874240F3B9819FEDEB5A0131A2F5000246
:10985000F0EE453A0020F7EE006A04EE902A74EE2E
:10986000A67AB7EE007A87EE278A521042F00052AD
:1098700002F58022024434EEE67ADFEDDF8A9FEDC6
:10988000DF2A9FEDDF0ADFEDDF0A9FEDDF1ADFED54
:10989000DF1ADFEDDF2A9FEDDF3A27EE084A07EEF9
:1098A000902A24EE046ADC4AA6EE282A14EE100A56
:1098B000104005EE900AA2EE060AB1EE652A77EE98
:1098C000E66AA2EE277AF0EE607AE0EE067A74EEAF
:1098D000E64AF0EE476AB0EE417AA7EE867AE2EE0B
:1098E000246AE7EE061A66EE886A75EE847A26EE3A
:1098F000066A67EEA67AF0EE084AE6EE217AB0EE46
:10990000646AA5EEA56A07EE101A36EE276ADFED47
:10991000C31A16EE101A114006EE101A76EE644ABB
:10992000B8EEC77AE2EE254A77EEE47A67EE847AFB
:10993000E6EE267AF0EE676AE5EE866A16EE901A93
:10994000114006EE901AE2EE066A05EE901A77EEE6
:10995000E67A67EEA27AE5EE837A77EEA37AF0EE06
:10996000676AE5EEA16A76EE856A76EE876A16EE9C
:10997000901A114006EE901A36EEC77A37EE457A05
:10998000A5EEE17A77EEC77A24F47F6424F00F0421
:1099900007EE10AA06EE104A67EE877A37EE466A9F
:1099A00007EE104AE6EE267A09F1FF3959EA030379
:1099B00026EE877ABFEE008A77EE876AB7EE006AF6
:1099C00016EE900A18BFB0EE468A002820F0004339
:1099D00040F39480B3F1864F00F387807AD0B3F1DF
:1099E0007C5F00F39780002116EE903A23F47F63AA
:1099F00023F00F0306EE903A9FED896ADFED895A56
:109A00009FED893ADFED893A9FED892A9FED894ADA
:109A1000DFED894A9FED895A36EEC77AF0EE002ACB
:109A200077EEC77A26EE867AA7EEA57AF7EE005A89
:109A3000F0EE477AA6EE837A27EE076AF0EE471A31
:109A4000E6EEC31AF0EE636AE6EE026A77EEE17ABA
:109A5000A6EE864AE7EE277AE4EE064AA4EE865A98
:109A6000F0EE456AB0EE475AA6EEC65AF0EE456AE9
:109A700036EEE26A27EE055AC5EE066A76EEE77A1A
:109A800037EEC77A35EEC77A17EE103A03EBC153BB
:109A9000B3F5000FC0F2A28007EE903A67EE887A25
:109AA00017EE900A04E60022BEE69FED525A00200F
:109AB000F0EE453AF7EE006ACFE6614A974248DD9C
:109AC000002C7FF769AEDFED5F7A67EEA77A17EEBD
:109AD000900AEDE59FED5C6A76EEC76A37EE866A1E
:109AE000B4EEE66AF1EE10FA14DD9FED567A68EEF8
:109AF000077A67EE877A17EE900AD9E5534A9342C0
:109B000063DC7FF46CAF76EEC76AF4EEE76AF1EEE1
:109B100010FA5ADADB154FF400027E3B42FA03F3E7
:109B20000344C3F3C7524A4C7F3A1441C3F31601AE
:109B300023EA040306EE903AC2F1170241F4000151
:109B400037EE667A11410028B8BF494277EE876A3E
:109B50004AE707EE100AF7EE007A77EE677A9FED94
:109B6000296A9FED3C7ADFED3C4ADFED3C5AB1EECD
:109B7000675AF5EE006AA5EE266AF6EE006AE6EE92
:109B8000676A27EEA76A66EE866A27EE667AA7EE10
:109B9000A47AF0EE476AE7EEA56A16EE902A22F460
:109BA0007F6222F00F0207EE902AE5EE257A06EE9C
:109BB000902A77EE677AE7E69FED295ADFED293A9A
:109BC0004FF40010F7EE086A47E69FED277A68EE3B
:109BD000077A67EE877A17EE900A69E517EE100AA2
:109BE00000F0AAF907EE900A58E700BF71C41C0004
:109BF000D6B35D000000000042F1533E55326C3E8A
:109C000005A38B3EABAAAA3EB76DDB3E9A99193FDE
:109C10004F38763FA0C39D3600F0FFFF0038763FF7
:109C20008CBEBF351872313F0072313F0EEADDB590
:109C30004CBB313355B38A38610B36BBABAA2A3ED5
:109C40000700803FCAF249713CAA3833000016432E
:109C5000FFFF7F003BAAB83F70A5EC3600AAB83FD3
:109C600000C0153FDCCFD1356042A20D07EE900A4F
:109C7000F1EEE77A17EE900A704700BF00207047B8
:109C800000200149704700BF0000F87F38B520F080
:109C90000044B4F1A14F07EE900A05460DDBB4F184
:109CA000FF4F5CDC9FED557ADFED557A0028C8BF89
:109CB000F0EE477A17EE900A38BD524B9C4261DCB9
:109CC000B4F1445F50DB4FF0FF3327EEA76A9FEDFE
:109CD0004E1A9FED4E2ADFED4E1ADFED4E2A9FED14
:109CE0004E3ADFED4E3A9FED4E4ADFED4E4A9FED84
:109CF0004E5A9FED4E7ADFED4E5A66EE066A5A1CBA
:109D0000A6EE812AE6EEA12AA2EE263AE2EEA63AD5
:109D1000A3EE264AE3EEA64AA4EE265AA4EEA67ABD
:109D2000E5EE265A27EE267AA5EE867A27EE277AE2
:109D30003FD04049404A9B001944D1ED006A37EEBC
:109D4000667A134437EE677AD3ED007A77EEC77AF6
:109D5000002DB8BFF1EE677A17EE900A38BD77EEA6
:109D6000A77A17EE900A38BD9FED347A37EE877ADE
:109D7000F7EE006AB4EEE67AF1EE10FAA3DD17EE24
:109D8000900A38BD00F060F82D4B9C4207EE100A97
:109D900014DCA3F5D0039C4225DCF0EE007AFFEE44
:109DA000006AE7EE276A002337EE277AC6EE877A45
:109DB0008BE777EEC77A17EE900A38BD214B9C42AD
:109DC0000BDCF7EE087AF7EE006AE7EE276A02236B
:109DD00037EE677AC7EE267A77E7FFEE006AC6EEBF
:109DE000877A032371E7F7EE007A77EE676A37EE3A
:109DF000277A0123C6EE877A67E700BFDB0FC93FEA
:109E0000DB0FC9BFFFFFDF3ED769853C59DA4B3D09
:109E100021A215BD6BF16EBD356B883D95879DBD4B
:109E20006E2EBA3D388EE3BD2549123ECDCC4CBED8
:109E3000ABAAAA3E9CF500088CF50008CAF249714D
:109E4000FFFF973FFFFF1B4020F00040704700BF1F
:109E500020F00040B0F1FF4FACBF00200120704760
:109E6000004870470000C07F10B485B00190019A8F
:109E700022F00041CB0D7F3B162B2ADC21B3002BB7
:109E800011464FEAD27032DB294A1A4111421BD0E7
:109E90005208114207D04FF4001421EA020244FA9A
:109EA00003F342EA0301234B03EB800090ED007AB9
:109EB00007EE901A77EE277ACDED037ADDED037A7F
:109EC00077EEC77ACDED017A019805B05DF8044BC5
:109ED0007047B1F1FF4FF7D3DDED017A77EEA77A46
:109EE000CDED017A019805B05DF8044B7047C2F3DF
:109EF00016035B420F495B0A120D03F4800312053F
:109F00001A4301EB800191ED007A07EE902A77EE7B
:109F1000277ACDED037ADDED037A77EEC77A17EE77
:109F2000903A23F0004343EAC0730193CCE700BFAB
:109F3000FFFF7F00ACF5000800B52DED028B83B06C
:109F40000190019B33F000421DD0B2F1FF4F0FD2C0
:109F5000B2F5000F20D3D20D0A44FE2A2CDC002AD1
:109F60003DDD23F0FF4343EAC25307EE903A03E09E
:109F700007EE900A77EEA77A17EE900A03B0BDECD1
:109F8000028B5DF804FBDDED017A17EE900A03B059
:109F9000BDEC028B5DF804FB9DED017ADFED1B7AD1
:109FA0001B4B67EE277A9942CDED017A10DB019BBE
:109FB000C3F3C752193ACFE79FED168A019918EEFD
:109FC000100A00F039F907EE900A67EE887AD3E7B5
:109FD000DFED117A9DED017A67EE277ACCE712F179
:109FE000160F06DA4CF250339942E5DC9FED0A8AEF
:109FF000E4E7193223F0FF4343EAC2539FED077AA7
:10A0000007EE903A67EE877AB6E700BF0000004C93
:10A01000B03CFFFFCAF249716042A20D000000335C
:10A0200030B482B00190019B33F0004241D0002B4C
:10A030004ADBB3F1FF4F54DAB3F5000F80F29D8095
:10A04000DFED6E7A9DED017A67EE277A6FF01805E5
:10A0500017EE903A6A4AC3F31604224402F400024F
:10A0600082F07E50DB1504F10F0120437F3B07EEA9
:10A07000900AC1F316012B44B7EE007A0F2903EBC7
:10A08000D25337EEC77A35DCB5EE407AF1EE10FAEE
:10A0900075D1002B00F0AE8007EE903AB8EEE77A6B
:10A0A000DFED587ADFED586A67EE277AE7EE267A19
:10A0B00005E0DFED566A9FED567AC6EE877A17EE19
:10A0C000900A02B030BC7047DDED017A9FED507A06
:10A0D00077EEE76AC6EE877A17EE900A02B030BCD8
:10A0E0007047DDED017A77EEA77A17EE900A02B09D
:10A0F00030BC7047B0EE006A37EE066A9FED452A25
:10A10000DFED453ADFED454ADFED452A9FED454A53
:10A11000DFED456ADFED457A4549C7EE065AC4F5DD
:10A120005712214402F522720A43002A06EE103A21
:10A1300025EEA55AB8EEC63A25EE056AE6EE023AD5
:10A14000A6EE224AE3EE864AE4EE067AE4EE866A5A
:10A1500066EE856AE7EE866A3BDDB6EE006A27EEBC
:10A16000066A26EE076A76EE866A66EEA56A03BB85
:10A1700076EE666A77EE667AA1E700256AE7DFED9C
:10A180002D6AF6EE007AE7EE667A67EE076A67EE0A
:10A19000A67ADBB106EE903ADFED1A5A9FED1A6A05
:10A1A000F8EEE66AE6EEE57A77EEC77AD6EE867ADC
:10A1B00085E7DFED147ADFED145AE3EE276A76EED9
:10A1C000667A77EEC77AD3EE257A78E777EE677A04
:10A1D00075E777EE667A67EEA57A002BF6D09FEDED
:10A1E000096ADFED096AE3EE467A77EEC77AD3EEC5
:10A1F000267A64E7DFED067A61E700BF0000004CD5
:10A2000020FB4A00D1F717378071313F000000CCA6
:10A21000000000009788173E25333A3E2549923EBC
:10A220004FD01C3E298E633EABAA2A3FCDCCCC3EFC
:10A23000305CCFFFABAAAA3E01F0004120F0004005
:10A2400008437047002101F023BC0000014B18684F
:10A25000704700BF2000002070B50D4E0D4CA41BB0
:10A26000A4100025A54209D10B4E0C4C03F056FE5C
:10A27000A41BA4100025A54205D170BD56F82530B9
:10A2800098470135EEE756F8253098470135F2E753
:10A29000D8F80008D8F80008D8F80008DCF800085A
:10A2A000024B0146186800F065B800BF200000208E
:10A2B00010B5431E0A44914200D110BD11F8014B64
:10A2C00003F8014FF7E702440346934200D1704779
:10A2D00003F8011BF9E7000038B50546002945D011
:10A2E00051F8043C0C1F002BB8BFE41803F014F81D
:10A2F0001F4A1368104633B9636014602846BDE8EE
:10A30000384003F00AB8A3420CD92168621893427E
:10A3100004BF1A685B68636004BF5218226004605F
:10A32000ECE713465A680AB1A242FAD919685818DC
:10A33000A0420BD120680144581882421960DDD137
:10A34000106852685A6001441960D7E702D90C239B
:10A350002B60D3E7206821188A4204BF1168526835
:10A36000626004BF091821605C60C7E738BD00BFA8
:10A370002018002070B5CD1C25F0030508350C2DE4
:10A3800038BF0C25002D064601DBA94203D90C235A
:10A390003360002070BD02F0BFFF214A14682146DF
:10A3A00091B9204C23681BB9304600F019FD20609C
:10A3B0002946304600F014FD431C24D10C233360A1
:10A3C000304602F0AAFFE4E70B685B1B18D40B2BA6
:10A3D0000FD90B60CD50CC18304602F09EFF04F12F
:10A3E0000B00231D20F00700C31AD3D05A42E250BD
:10A3F000D0E78C424B6816BF636013600C46EBE7F6
:10A400000C464968CCE7C41C24F00304A04205D0E4
:10A41000211A304600F0E4FC0130CFD02560DBE7A4
:10A4200020180020241800202DE9F04788B0002BC8
:10A43000149F109EDDE9121A1D4627F02007BBBFAE
:10A4400003F100431D4600232D231446B8BF1446D4
:10A45000462F0B7004D0452F00D10136022300E0B7
:10A46000032307AA049206AACDE902A2CDE9003689
:10A4700022462B4601F06CFC472F804602D1119BEF
:10A48000DB0726D5462F08EB060911D198F80030D6
:10A49000302B0AD10022002320462946F6F724FB60
:10A4A00018B9C6F10106CAF80060DAF8003099441C
:10A4B0000022002320462946F6F716FB38B9302241
:10A4C000079B4B4505D2591C07911A70F8E7CDF848
:10A4D0001C90079B159AA3EB08034046136008B035
:10A4E000BDE8F087F7B500290446BABF49422D23DD
:10A4F0002B23092904F8022B437020DD0DF10703FB
:10A500001F460A2691FBF6F506FB15113031092D81
:10A5100003F8011C03F1FF32294609DC3031023B0C
:10A5200002F8011CBB42224604D3101A03B0F0BD4E
:10A530001346E7E713F8012B04F8012BF2E7302369
:10A5400019448370021DC170EFE700002DE9F04F40
:10A5500091B00C46DDF8688016461F46054602F0AD
:10A5600057FE036808931846F7F738F800230E9350
:10A57000D8F800300990073323F0070303F10802ED
:10A5800094F818A0D4F800B0C8F80020D3E900234C
:10A59000C4E91223D4E9128929F000430B93CDF8C2
:10A5A00028804FF0FF32A94BDDE90A01F6F7CEFA19
:10A5B00070BB4FF0FF32A54BDDE90A01F6F7A8FAB0
:10A5C00030BB0022002340464946F6F797FA10B107
:10A5D0002D2384F843309E4A9E4BBAF1470F8CBF1F
:10A5E00090469846032323612BF0040323604FF029
:10A5F0000009009733460FAA2146284600F0ECF9DF
:10A60000013040F090804FF0FF3011B0BDE8F08F86
:10A6100042464B4640464946F6F798FA10B18E4AF4
:10A620008E4BDAE76368591C4BF480620EA90DA8C3
:10A6300040D1062363600DF13303CDE901234FF0D0
:10A64000000C63682260CDE9030A009342464B4642
:10A65000CDE9051C2846FFF7E7FE0AF0DF03472B8C
:10A66000804609D10D9BD81C02DB6268934247DD0E
:10A67000AAF1020A5FFA8AFABAF1650F0D9924D895
:10A680000139524604F150000D91FFF72BFF0E9A4D
:10A690001318012A8146236102DC2268D10701D503
:10A6A000013323619DF83330002BA2D02D2384F891
:10A6B00043309EE7BAF1670F00F07881BAF1470F97
:10A6C000B9D1002BB7D10123B4E7BAF1660F19D184
:10A6D000002963680CDD216113B92268D20702D515
:10A6E00001330B4423610D9BA3654FF00009D9E7AB
:10A6F00013B92268D00701D50233F3E70123F1E74C
:10A700004FF0670ADDE90D32934205DB22682361D1
:10A71000D107E8D50133E5E7002BD4BFC3F102032D
:10A7200001231344DEE723685A0507D42369424610
:10A7300031462846B84701302BD164E7BAF1650F9E
:10A7400040F2DD8000220023D4E91201F6F7CCF9B3
:10A75000002833D00123424A31462846B847013009
:10A760003FF451AFDDE90D239A4202DB2368D8079D
:10A770000FD5DDE9082331462846B84701303FF4BC
:10A7800042AF4FF0000804F11A090E9B013B43450C
:10A7900009DC23689B0700F10481E0680F9B984265
:10A7A000B8BF184631E701234A4631462846B84724
:10A7B00001303FF428AF08F10108E6E70D9B002BBC
:10A7C0002BDC0123264A31462846B84701303FF4A6
:10A7D0001AAF0D9B23B90E9B13B92368D907D8D59F
:10A7E000DDE9082331462846B84701303FF40BAF76
:10A7F0004FF0000904F11A0A0D9B5B424B4501DC46
:10A800000E9B94E70123524631462846B847013053
:10A810003FF4F9AE09F10109EEE70E9AA36D9A42F1
:10A82000A8BF1A46002A914607DD13463146424624
:10A830002846B84701303FF4E6AE04F11A034FF062
:10A84000000B29EAE9790A9316E000BFFFFFEF7FCA
:10A85000BCF50008B8F50008C4F50008C0F500080C
:10A86000C8F5000801230A9A31462846B847013046
:10A870003FF4C9AE0BF1010BD4F858A0AAEB0903C1
:10A880005B45EFDCDDE90D239A42D04415DB2368FC
:10A89000DA0712D40E9B0D99A3EB0A02A3EB010A6F
:10A8A0009245A8BF9246BAF1000F0EDC4FF00008A7
:10A8B0002AEAEA7A04F11A0919E0DDE908233146A7
:10A8C0002846B8470130E5D19DE653464246314619
:10A8D0002846B8470130E9D195E601234A4631467A
:10A8E0002846B84701303FF48EAE08F10108DDE993
:10A8F0000D239B1AA3EB0A034345EEDC49E70E9AAE
:10A90000012A01DCDB073AD50123424631462846BD
:10A91000B84701303FF477AEDDE9082331462846D9
:10A92000B847013008F101083FF46DAE0E9B0022DC
:10A9300003F1FF3AD4E912010023F6F7D5F8C8B9BC
:10A940005346424631462846B84701300ED15AE6B2
:10A950000123524631462846B84701303FF453AEF2
:10A9600008F101080E9B013B4345F1DC4B4604F125
:10A970005002DDE64FF0000804F11A0AF2E7012365
:10A98000DFE701234A4631462846B84701303FF405
:10A990003AAE08F10108E3680F9A9B1A4345F0DCD0
:10A9A000FBE64FF0000804F11909F4E7002B3FF42F
:10A9B0008AAE4FF0000CCDE9051C0DF13301226089
:10A9C000CDE9030ACDE90121009342464B462846D2
:10A9D000FFF72AFD804645E62DE9F04791461F46E0
:10A9E0008A680B69DDF820809342B8BF1346C9F826
:10A9F000003091F8432006460C4612B10133C9F8E5
:10AA000000302368990642BFD9F800300233C9F8F4
:10AA10000030256815F0060507D104F1190AE3682E
:10AA2000D9F800209B1AAB4228DC94F84330226806
:10AA3000003318BF012392062DD404F14302394696
:10AA40003046C047013020D02368E568D9F800209F
:10AA500003F00603042B08BFAD1AA36822690CBFDC
:10AA600025EAE57500259342C4BF9B1AED184FF007
:10AA700000091A344D451AD1002008E0012352463E
:10AA800039463046C047013003D14FF0FF30BDE8B2
:10AA9000F0870135C3E7E1185A1C302081F84300E4
:10AAA000224494F8451082F843100233C5E701238D
:10AAB000224639463046C0470130E6D009F1010947
:10AAC000D8E700002DE9F04301F1430C0C46097E64
:10AAD00085B06E291746064698460C9A00F0B3805A
:10AAE00022D8632936D00AD8002900F0B980582925
:10AAF00000F0838004F1420584F8421032E06429BA
:10AB000001D06929F6D120681368050603F1040114
:10AB10002AD51B681160002B03DA2D225B4284F8D2
:10AB200043206F480A2239E0732900F09D8008D83D
:10AB30006F2920D07029DDD1236843F020032360E2
:10AB400003E0752917D07829D4D1782384F84530CB
:10AB5000644855E01368191D1B68116004F1420533
:10AB600084F8423001238CE01B68116010F0400F24
:10AB700018BF1BB2CFE713682568181D10602806A0
:10AB800001D51B6802E06806FBD51B8854486F2975
:10AB900014BF0A220822002184F843106568A560CA
:10ABA000002DC0F29580216821F004012160002B66
:10ABB0003DD1002D40F08E806546082A0BD12368D8
:10ABC000DB0708D5236962689A42DEBF302305F8A7
:10ABD000013C05F1FF35ACEB05032361CDF80080A6
:10ABE0003B4603AA21463046FFF7F6FE01304DD121
:10ABF0004FF0FF3005B0BDE8F083394884F84510C8
:10AC0000136821681D1D1B6815600A060BD5CA074D
:10AC100044BF41F0200121601BB9226822F02002CC
:10AC200022601022B7E74D0648BF9BB2EFE76546AA
:10AC3000B3FBF2F102FB1133C35C05F8013D0B4697
:10AC40000029F5D1B9E7136825686169181D1060FE
:10AC500028061B6801D5196002E06A06FBD5198039
:10AC6000002323616546B9E71368191D11601D684B
:10AC7000626800212846F6F7BBFC08B1401B606003
:10AC800063682361002384F84330A7E723692A46D9
:10AC900039463046C0470130AAD023689B0713D4F9
:10ACA000E068039B9842B8BF1846A3E701234A46D1
:10ACB00039463046C04701309AD00135E368039ADF
:10ACC0009B1AAB42F2DCEBE7002504F11909F5E72A
:10ACD000002BACD1037884F8423004F142056CE7D4
:10ACE000CAF50008DBF500080FB40A4B13B51C6861
:10ACF00024B1A36913B9204601F0D8FE05AB049A2C
:10AD0000A1680193204602F03BFF02B0BDE810406D
:10AD100004B070472000002070B50E46054618B1FB
:10AD200083690BB901F0C2FEAB69AC6813B9284660
:10AD300001F0BCFE234B9C4217D16C68A3891B0712
:10AD40001DD52369DBB1013EA36816F8011F013B45
:10AD5000A360E9B9002B2EDA22460A21284600F02A
:10AD6000ABFE013011D00A2011E0174B9C4201D1FB
:10AD7000AC68E3E7154B9C4208BFEC68DEE7214670
:10AD8000284600F0EBFE0028DDD04FF0FF3070BD0C
:10AD9000002B04DAA2699A4206DC0A2904D023684F
:10ADA0005A1C22601970CFE72246284600F084FE24
:10ADB0000130C9D1E9E723680A205A1C22601870C3
:10ADC000E5E700BF70F6000890F6000850F60008AE
:10ADD000024B01461868FFF79FBF00BF200000200C
:10ADE00038B5064C0023054608462360FCF7C0FB37
:10ADF000431C02D1236803B12B6038BD4469002095
:10AE0000034611F8012B03F8012B002AF9D17047F2
:10AE100010B56AB10139841810F8013B11F8012FFF
:10AE2000934203D1A04201D0002BF5D1981A10BD56
:10AE30001046FCE770B50378A3B103460C461846EC
:10AE400013F8015B4DB10A4601E0AE4205D014464D
:10AE500012F8016B002EF8D1F1E72378002B08BF20
:10AE6000002070BD1846FCE72DE9F0410F469046E2
:10AE700002F020FD04460D46B8F1000F11D0C7F3D3
:10AE80000A53C3F16B03002B0BDD1B0503F17F5548
:10AE9000002405F5401522462B46F5F7BDFB044678
:10AEA0000D4620462946BDE8F08100000000000064
:10AEB0002DE9F04FA1B01F460490002338460E46FE
:10AEC00017921C9302F0A2F980460068F6F786FB01
:10AED0004FF0000904464FF0000A1B961B9B1A789E
:10AEE0000D2A30D8092A34D2002A3CD000230E93F0
:10AEF0001B9D2B78302B40F0AA806B78582B01D00B
:10AF0000782B65D10E9B01931CAB009302971DAB70
:10AF1000874A04981BA901F0A2FE10F00704064618
:10AF200005D0062C29D1013500231B950E93179BC4
:10AF3000002B40F094850E9BD3B148460AF10041A6
:10AF400021B0BDE8F08F2B2A15D02D2A04D0202A5D
:10AF5000CCD101331B93C1E701220E925A1C1B92E4
:10AF60005B78002BC4D1179B1B96002B40F0758596
:10AF700048465146E4E70022EFE71C9A3AB13521F2
:10AF80001EA802F08AFD1C99049802F0FBF9013C0E
:10AF9000042C06D8DFE804F00A0314170A00DDE9E0
:10AFA0001E9A3107C3D54AF0004AC0E7DDE91E9377
:10AFB0001D9A23F4801302F2334243EA025AF0E767
:10AFC000DFF870A1EDE76FF0004A4FF0FF39E8E7D6
:10AFD0001B9B5A1C1B925B78302BF9D0002BA6D000
:10AFE0000123002507931B9B0C930695AB460A2271
:10AFF0001B980778A7F13003D9B2092929D922462D
:10B00000D8F80010FFF704FF002832D000203B469C
:10B010005C4602460590652B01D0452B14D124B91E
:10B0200010B9079B002B9ED000241B9E731C1B9302
:10B0300073782B2B79D02D2B71D04FF0000CA3F10E
:10B040003007092F7CD91B964FF0000E9AE00023A1
:10B05000C7E7BBF1080FD8BF069900F10100DABFBE
:10B0600002FB0133069302FB05350BF1010B1B902C
:10B07000BEE71B9B1A191B921B5DBBF1000F37D05B
:10B0800002465C46A3F13001092913D9012105913B
:10B09000C1E71B9B5A1C1B925B780130302BF8D008
:10B0A000A3F13102082A00F2DF841B9A0C920246B7
:10B0B00000200446B3F1300E00F1010112D00A4421
:10B0C00000EB040C21460A278C4513D121180829CE
:10B0D00004F10104044419DC069B0A2101FB03E38B
:10B0E000069300211B9B581C1B905B780846C9E700
:10B0F0005846D3E7082901F1010103DC069B7B4395
:10B100000693E1E71029D8BF7D43DDE7102CDCBFB3
:10B110000A2101FB05E5E4E70123059380E74FF0F1
:10B12000010CB31C1B93B37889E74FF0000CF8E7D0
:10B13000ECF500080000F07F1B9B5F1C1B975B7801
:10B14000302BF9D0A3F13107082F3FF67DAFA3F1E3
:10B15000300E1B9B08931B9B5F1C1B975B78A3F116
:10B160003008B8F1090F37D908997F1A082F44F62B
:10B170001F6737DCBE45A8BFBE46BCF1000F01D03B
:10B18000CEF1000E002C51D100287FF4D0AE079AEA
:10B19000002A7FF4CCAE059A002A7FF4E4AE4E2B51
:10B1A00027D021DC492B7FF4DEAE9F491BA801F09C
:10B1B00089FF00283FF4D7AE1B9B9C49013B1BA88D
:10B1C0001B9301F07FFF10B91B9B01331B93DFF82A
:10B1D00070A24FF00009AAE60A2101FB0E3EAEF173
:10B1E000300EB8E7BE46C8E7692BDED06E2B7FF481
:10B1F000BAAE8F491BA801F065FF00283FF4B3AE3B
:10B200001B9B1B78282B0ED11EAA8A491BA801F074
:10B210006DFF052807D11F9BDDF8789043F0FF4AAA
:10B220004AF4E00A83E6DFF820A2D2E7AEEB02039D
:10B23000BBF1000F08BFA34606980793102CA04649
:10B24000A8BF4FF01008F5F76DF9092C81468A4622
:10B2500013DC079B002B3FF46AAE079B7ADD162BAD
:10B2600061DC754A02EBC30EDEE900014A46534633
:10B27000F5F7D2F981468A4659E66F4B03EBC803CE
:10B2800053E91223F5F7C8F9064628460F46F5F7A5
:10B2900049F902460B4630463946F5F707F80F2CB8
:10B2A00081468A46D5DD079BA4EB08089844B8F18F
:10B2B000000F40F3968018F00F030AD05E4901EBAF
:10B2C000C3014A465346D1E90001F5F7A5F9814685
:10B2D0008A4638F00F0873D0B8F59A7F47DD00240E
:10B2E000A3460C940694049ADFF854A12223136019
:10B2F0004FF000090C9B002B3FF419AE1C990498E9
:10B3000002F040F80699049802F03CF85946049877
:10B3100002F038F80C99049802F034F821460498A9
:10B3200002F030F803E6079AC4F125039342BADB32
:10B33000414DC4F10F0405EBC4014A465346D1E91F
:10B340000001F5F769F9079B1C1B05EBC405D5E95E
:10B3500000238DE713F1160FA5DB374AA2EBC302DA
:10B36000D2E9002348465146F5F780FA82E70023E8
:10B37000324E4FEA2818484651461D46B8F1010F93
:10B3800021DC0BB181468A462C4BAAF1547A03EB9F
:10B39000C5054A465346D5E90001F5F73DF9284B66
:10B3A0000A460B4027498B42814698D8A1F5801167
:10B3B0008B4286BFDFF894A04FF0FF3902F1547A38
:10B3C0000023059376E018F0010F06D006EBC503C5
:10B3D000D3E90023F5F720F9012301354FEA680886
:10B3E000CCE7EDD0C8F1000818F00F020AD0124BDC
:10B3F00003EBC20348465146D3E90023F5F736FA7A
:10B4000081468A465FEA2818DAD0B8F11F0F1FDD9F
:10B410000024A3460C940694049A22234FF00009BA
:10B420004FF0000A136065E7BDF5000843F6000819
:10B43000C5F5000800F60008E8F60008C0F60008A8
:10B440000000F07F0000A07C0000F8FFFFFFEF7F0E
:10B4500018F0100318BF6A23A14D059348465146C2
:10B460000023B8F1000F00F30E810BB181468A462C
:10B47000059BBBB1CAF30A53C3F16B03002B5146C2
:10B4800010DD1F2B40F30B81342BDEBF203B4FF030
:10B49000FF3202FA03F34FF00009CCBF4FF05C7AA1
:10B4A00003EA010A0022002348465146F5F71CFB37
:10B4B0000028ADD1069B00935A4623460C99049868
:10B4C00001F0B2FF0C9000283FF409AF079A079BE8
:10B4D000002AC3F10003A8BF00230F93002422EA2F
:10B4E000E2731693A3460C9B0498596801F016FF6B
:10B4F000069000283FF4F7AE0C9B1A69023203F164
:10B500000C0192000C30FEF7D3FE1EAB01931DAB75
:10B5100000934A4653460498CDE9089A02F040FA4F
:10B520001C9000283FF4DFAE0121049802F008F8D7
:10B53000834600283FF4D7AE1D9D1E9A002DABBF59
:10B540000F9B169B169E0F9FACBFEF185E1B059BB3
:10B55000ED1A1544634B013D9D42C2F1360280F263
:10B56000B0805B1B1F2BA2EB03024FF0010100F325
:10B570009D8001FA03F30A93002507EB0208059B5F
:10B58000474516441E443B46A8BF4346B342A8BFA6
:10B590003346002BC2BFA8EB0308F61AFF1A0F9B15
:10B5A000BBB159461A46049802F06AF8834600284F
:10B5B0003FF499AE01461C9A049801F0CAFF0D9021
:10B5C00000283FF490AE1C99049801F0DBFE0D9B1F
:10B5D0001C93B8F1000F78DC079B002B08DD169A4E
:10B5E0000699049802F04CF8069000283FF47BAED0
:10B5F000002E08DD32460699049802F08FF8069076
:10B6000000283FF470AE002F08DD59463A460498F2
:10B6100002F084F8834600283FF465AE069A1C9930
:10B62000049802F0E9F8044600283FF45CAEC368D1
:10B630000D930023C360594602F0C4F8002853DA82
:10B640000D9BE3B9B9F1000F19D1CAF31303B3B9D4
:10B650002AF000431B0D1B05B3F1D66F0FD96369A8
:10B6600013B92369012B0ADD21460122049802F057
:10B6700055F85946044602F0A5F8002867DC059BFA
:10B68000002B71D13AE618F0010F04D0D5E9002360
:10B69000F4F7C2FF01234FEA68080835E1E64FF0EE
:10B6A000FF3202FA03F303EA0909FBE6C5F17F451D
:10B6B00005F57F0505F57B45E23501FA05F50A91AB
:10B6C0005BE7012300250A9357E742461C9904983B
:10B6D00002F024F81C9000287FF47EAF03E600BF40
:10B6E00018F6000802FCFFFFD04640F088800D9A53
:10B6F000CAF313033AB3AE4A934255D1059B484669
:10B70000E3B1AC4A0AEA0202B2F1D46F4FF0FF3162
:10B7100017D8120DC2F16B0301FA03F3984243D11B
:10B72000A54B984502D101303FF4DDADA14B08EAAD
:10B73000030303F5801A4FF00009A0E74FF0FF3331
:10B74000ECE70B46EAE77BBBB9F1000F2CD105997A
:10B75000984A5346F1B102EA0A01B1F1D66F19DCF9
:10B76000B1F15C7F7FF758AE944A0023CDE91432E3
:10B7700048465146DDE91423F4F74EFF81468A46D8
:10B7800000297FF4BBAD00287FF4B8AD049A2223D2
:10B790001360B3E51340A3F580136FEA135A6FEA01
:10B7A0000A5A4FF0FF396AE79DB115EA080F3FF4D6
:10B7B00066AF0D9B059A4846514673B1FFF754FB9F
:10B7C00002460B46DDE90801F4F770FD81468A4622
:10B7D00055E70A9B13EA090FE9E7FFF745FB024625
:10B7E0000B46DDE90801F4F75FFD002200238146E6
:10B7F0008A46F5F779F900287FF40EAE3FE75946FF
:10B80000204602F01CF900224FF0804306460F4606
:10B81000F5F77EF9002874D00D9B002B46D0684BBD
:10B820000022CDE90A23664F0026624D654B08EAE7
:10B8300005059D4240F0CE80DDE90823A8F1547A49
:10B84000C84640465146CDE9142302F033F802467B
:10B850000B46DDE90A01F4F7DFFE42465346F4F7F2
:10B8600025FD0B465349584A1940914281465CD9FF
:10B87000099B02F15472934203D1089B01333FF4B8
:10B8800032ADDFF834A14FF0FF391C99049801F074
:10B8900079FD0699049801F075FD5946049801F068
:10B8A00071FD2146049801F06DFD1CE6B9F1000F11
:10B8B0001AD1CAF31303F3B90022414B304639467B
:10B8C000F5F71CF9D0B93046394600223F4BF4F762
:10B8D000A3FE06460F4607F1004318961993DDE9CB
:10B8E0001823CDE90A23A0E7B9F1010F03D1BAF17A
:10B8F000000F3FF491AD0022354B92E70026334F05
:10B90000E9E7324B304639460022F4F785FE0D9BBD
:10B9100006460F4633B901F1004310901193DDE95B
:10B920001023DEE7CDE91067F9E703F1547A059BB0
:10B93000002BAAD12AF000431B0D1B059D42CDF818
:10B9400020A0A2D139463046F5F716F9F4F7FAFDF2
:10B950000B46024639463046F4F7A6FC0D9B0746D7
:10B9600088463BB9B9F1000F04D1089BC3F3130615
:10B97000002E6CD00AA3D3E9002338464146F5F7E0
:10B98000BDF800287FF4BAAC07A3D3E900233846FA
:10B990004146F5F7D1F800283FF477AFAEE400BF99
:10B9A0009535A094FFFFDF3F35E5AF350000E03F60
:10B9B000FFFF0F000000F07FFFFFEF7F0000503916
:10B9C0000000F03F0000E07FFFFF9F7C0000E03FB1
:10B9D0000000F0BF059B23B3B5F1D46F21D828A395
:10B9E000D3E9002330463946F5F792F8A0B139463D
:10B9F0003046F5F7E9F8002808BF0120F4F792FD7A
:10BA00000D9B06460F46FBB901F1004312901393BC
:10BA1000DDE91223CDE90A230B9B03F1D6635B1BFF
:10BA20000B93DDE90801DDE90A8901F043FF0246D5
:10BA30000B4640464946F4F7EFFDDDE90823F4F7ED
:10BA400035FC81468A4672E7CDE91267E0E70EA32E
:10BA5000D3E90023F5F752F89DE700230E93179AD8
:10BA60001B9B1360FFF767BA652B4FF000023FF492
:10BA700053AB012114460591FFF7CFBAAFF3008015
:10BA80000000C0FFFFFFDF419535A094FFFFCF3FCF
:10BA9000074B084A10B41C68236A002B08BF1346E2
:10BAA0000A46014620465DF8044BFFF701BA00BF85
:10BAB0002000002084000020F8B50E4614460546FC
:10BAC00018B183690BB900F0F1FF214B9C422AD1D8
:10BAD0006C68A369A360A3891A072ED5236963B391
:10BAE00023692068C01A6369F6B28342374604DCD2
:10BAF0002146284600F070FF28BBA368013BA360E5
:10BB000023685A1C22601E7063690130834204D08E
:10BB1000A389DB0719D50A2E17D12146284600F044
:10BB20005BFF90B10FE00B4B9C4201D1AC68D0E7BA
:10BB3000094B9C4208BFEC68CBE72146284600F041
:10BB40000DF80028CCD04FF0FF373846F8BD00BFC5
:10BB500070F6000890F6000850F60008324B70B5F9
:10BB60001D6806460C4625B1AB6913B9284600F09E
:10BB70009DFF2E4B9C420FD16C68B4F90C309AB2E9
:10BB800015072CD4D00611D40922326043F04003AB
:10BB9000A3814FF0FF303EE0254B9C4201D1AC68C1
:10BBA000EBE7244B9C4208BFEC68E6E7510712D54F
:10BBB000616B41B104F14403994202D03046FEF773
:10BBC0008BFB00236363A38923F02403A381002359
:10BBD000636023692360A38943F00803A381236979
:10BBE0004BB9A38903F42073B3F5007F03D021463A
:10BBF000304601F03FFBA28912F001030CD0002374
:10BC0000A36063695B42A361236953B9B4F90C3043
:10BC100013F08000BAD170BD920758BF6369A3606A
:10BC2000F2E70020F7E700BF2000002070F60008D0
:10BC300090F6000850F600082DE9F74F03690C69EB
:10BC4000A3428046C0F28280013C01F114074FEA12
:10BC5000840C00F1140657F8245056F8240006EB23
:10BC60000C03013507EB0C090193B0FBF5F595B317
:10BC70004FF0000A3846B646D34650F8042B93B22C
:10BC800005FB03A34FEA134A9BB2ABEB0303120C71
:10BC9000DEF800B005FB02A213FA8BF34FEA124A5A
:10BCA0001FFA82FBDEF80020CBEB124202EB2342AC
:10BCB0009BB243EA024381454FEA224B4EF8043BD4
:10BCC000DBD256F80C3033B9019B043B9E421A4636
:10BCD00030D3C8F81040404601F074FD002825DB41
:10BCE000013530464FF0000C57F8042BD0F800E037
:10BCF00093B2ACEB0303120C13FA8EF3C2EB1E42A9
:10BD000002EB23429BB243EA0243B9454FEA224C7D
:10BD100040F8043BE8D256F8242006EB84032AB905
:10BD2000043B9E421A460BD3C8F81040284603B085
:10BD3000BDE8F08F1268043B002ACAD1013CC5E778
:10BD40001268043B002AEFD1013CEAE70020EEE74D
:10BD50002DE9F04F456A97B016461F460446DDF8B8
:10BD60008C80CDE902673DB91020FEF799FA606238
:10BD7000C0E901550560C560636A196851B15A6828
:10BD80004A60012393408B60204601F0FBFA636A0E
:10BD900000221A603B1EBBBF23F000430393002325
:10BDA0000122ACBFC8F80030C8F80020B24BDDF863
:10BDB0000C8033EA08031BD1229A42F20F731360FE
:10BDC000029B23B9C8F31300002800F04F85249B81
:10BDD00053B9AA4B21E0AA4B05930833249A136068
:10BDE000059817B0BDE8F08FA44B05930333F5E732
:10BDF000DDE902670022002330463946F4F774FE7D
:10BE0000824660B1229A01231360249B002B00F02C
:10BE10002A859C4B249A1360013B0593E0E714AB01
:10BE2000019315AB009332463B46204601F0B8FD26
:10BE3000C8F30A558346002D7CD0C7F3130343F0A3
:10BE40007F59B04649F44019A5F2FF35CDF84CA012
:10BE500000228D4B40464946F4F726FA80A3D3E9E9
:10BE60000023F4F7D9FB80A3D3E90023F4F71EFAEB
:10BE7000064628460F46F4F765FB7DA3D3E9002369
:10BE8000F4F7CAFB02460B4630463946F4F70EFA81
:10BE900006460F46F4F770FE002282460023304625
:10BEA0003946F4F72BFE48B15046F4F74BFB3246C7
:10BEB0003B46F4F719FE08B90AF1FF3ABAF1160F3A
:10BEC00059D8724901EBCA01DDE90223D1E9000129
:10BED000F4F732FE002850D00AF1FF3A0023129303
:10BEE000149B5D1BB5F1010849BFC5F10103002397
:10BEF00008934FF0000858BF0893BAF1000F3EDBDB
:10BF00000023D044CDF834A00993209B092B00F2E4
:10BF10009080052BC4BF043B2093209BA3F1020318
:10BF2000CCBF00250125032B00F28F80DFE803F052
:10BF30007D7F3171DDE914531D4405F23240202824
:10BF400013DDC0F14000029B08FA00F805F2124030
:10BF500023FA00F048EA0000F4F7E4FA01238046EF
:10BF6000A1F1F879013D139372E7029BC0F1200023
:10BF700003FA00F0F0E70123B1E71290B0E7089B65
:10BF8000A3EB0A030893CAF10003099300230D935E
:10BF9000BBE701230C93219B002B59DD06939946A7
:10BFA000666A00227260042202F1140098427168ED
:10BFB00070D9204601F0B2F9636A30601B680593BE
:10BFC000B9F10E0F00F2EB80002D00F0E8809DED3E
:10BFD000027BBAF1000F8DED107B79DD2B4A0AF060
:10BFE0000F0302EBC30393ED007B4FEA2A16F00622
:10BFF0008DED0A7B6AD5264BDDE91001D3E90823D4
:10C00000F4F734FCCDE9020106F00F060325204FBA
:10C0100051E001230C93219B534403F10109069342
:10C020004B46012BB8BF0123BAE70023B2E7002338
:10C03000F0E70125002320930C954FF0FF33069382
:10C040009946002212232192AAE701230C93F4E7D8
:10C050000123069399461A46F5E700BFAFF3008027
:10C0600061436F63A787D23FB3C8608B288AC63FFE
:10C07000FB799F501344D33F0000F07F49F600083E
:10C0800040F60008C9F500080000F83FE8F600088F
:10C09000C0F6000801317160520085E7F10708D54C
:10C0A000DDE90A01D7E90023F4F7B6FACDE90A0180
:10C0B000013576100837002EF0D1DDE90A23DDE9DD
:10C0C0000201F4F7D3FBCDE902011AE002259EE755
:10C0D00000F0A080CAF100069F4BA04F06F00F02AF
:10C0E00003EBC203D3E90023DDE91001F4F794FA6E
:10C0F000CDE90201361100230225002E7FD1002B4D
:10C10000E1D1129B002B00F08780DDE9026700225D
:10C11000934B30463946F4F7F1FC00287CD0B9F156
:10C12000000F79D0069B002B35DD0AF1FF330A930F
:10C13000394600228B4B3046F4F76EFACDE9020106
:10C14000069F01352846F4F7FDF9DDE90223F4F7EF
:10C1500063FA0022844BF4F7A9F80546A1F1507662
:10C16000002F5DD10022814BDDE90201F4F79CF83C
:10C170002A463346CDE90201F4F7DEFC002840F000
:10C1800088822A4606F10043DDE90201F4F7B6FC95
:10C19000002840F07C82DDE91023CDE90223159BC5
:10C1A000002BC0F25081BAF10E0F00F34C816A4BA4
:10C1B00003EBCA0393ED007B219B002B8DED067BE7
:10C1C00080F2D880B9F1000F00F3D48040F05E8295
:10C1D0000022664B51EC170BF4F71EFADDE902233F
:10C1E000F4F7A0FC4F464E46002840F03482059BF1
:10C1F000059A5D1C312313700AF1010A2FE2F20740
:10C2000005D5D7E90023F4F707FA013501237610A5
:10C21000083772E7022574E7CDF828A04F4691E76A
:10C220004D4B03EBC70353E902010C9B002B47D096
:10C2300002460B4600204E49F4F718FB2A463346C7
:10C24000F4F732F8CDE90E01059DDDE90201F4F7BE
:10C2500093FC0646F4F776F902460B46DDE9020147
:10C26000F4F722F8303605F8016BDDE90E23CDE94D
:10C270000201F4F743FC002863D1DDE9022300202A
:10C280003749F4F711F8DDE90E23F4F737FC0028FD
:10C2900040F0B780059BEB1A9F427FF77CAF0022EE
:10C2A000304BDDE90E01F4F7B7F90022CDE90E01BC
:10C2B0002C4BDDE90201F4F7AFF9CDE90201C4E747
:10C2C00033462A46F4F7A8F9059BCDE90E01DD199E
:10C2D0001E46DDE90201F4F74FFC0746F4F732F998
:10C2E000303702460B46DDE90201F3F7DDFF06F8C1
:10C2F000017BAE42CDE902014FF0000226D11C4B7A
:10C30000DDE90E01F3F7D2FF02460B46DDE902013B
:10C31000F4F712FC002874D1DDE90E230020144943
:10C32000F3F7C2FF02460B46DDE90201F4F7E6FB34
:10C3300000283FF430AF15F8013C302B05F1FF32F7
:10C3400002D0DDF828A04AE01546F4E7054BF4F7E3
:10C3500063F9CDE90201BCE7E8F60008C0F6000881
:10C360000000F03F0000244000001C40000014408A
:10C370000000E03FDDE90267059DDDE90623304668
:10C380003946F4F773FAF4F7F7FB8046F4F7DAF876
:10C39000DDE90623F4F740F902460B4630463946FC
:10C3A00008F13006F3F780FF05F8016B059EAE1B20
:10C3B000B14502460B4639D1F3F778FFDDE9062394
:10C3C00006460F46F4F7B8FBC8B9DDE90623304648
:10C3D0003946F4F789FB10B118F0010F0FD1594617
:10C3E000204600F0CFFF0023229A2B700AF10103B0
:10C3F0001360249B002B3FF4F3AC1D60F0E4CDF8F8
:10C4000028A015F8012C392A05F1FF3308D1059A27
:10C410009A4209D10A9B01330A93302313701346C1
:10C420001A7801321A708CE71D46EAE700229B4B0E
:10C43000F4F7F2F80022002306460F46F4F754FB07
:10C4400000289AD0CBE70C9A002A00F08B80209A23
:10C45000012A6EDC139A002A67D003F23343DDE928
:10C460000857089A01211A4420460892984401F07E
:10C4700067F80646002D0CDDB8F1000F09DD4545D3
:10C48000089A2B46A8BF4346D21A0892ED1AA8EB89
:10C490000308099BEBB10C9B002B67D08FB1314691
:10C4A0003A46204601F0ECF85A4601460646204638
:10C4B00001F04FF859460A90204600F063FF0A9BAE
:10C4C0009B46099BDA1B04D05946204601F0D8F858
:10C4D00083460121204601F033F80D9B0746002BCF
:10C4E00000F0CB811A460146204601F0C9F8209B96
:10C4F000012B074640DC029B002B39D1039BC3F381
:10C500001303002B36D1039B23F000431B0D1B05A7
:10C510002BB1089B0133089308F10108012309930B
:10C520000D9B002B2AD1012030E0149BC3F1360370
:10C5300095E7099B09F1FF37BB42BFBF099B0997EC
:10C54000FA1A0D9BBBBF9B180D93DF1B0027B9F197
:10C55000000FB5BF089B089DA3EB09054B46B8BF6C
:10C5600000237EE7DDE908570C9E83E7099AABE7D5
:10C570000023D4E7029BD2E7002309933B6907EB32
:10C580008303186900F08EFFC0F12000404410F0D2
:10C590001F0047D0C0F12003042B3BDD089BC0F1F6
:10C5A0001C000344089305448044089B002B05DDD0
:10C5B00059461A46204601F0B1F88346B8F1000FFB
:10C5C00005DD39464246204601F0A8F80746129B91
:10C5D00053B33946584601F0F5F8002824DA002311
:10C5E00059460A22204600F0E4FE0C9B0AF1FF3A6D
:10C5F0008346002B00F04881002331460A22204662
:10C6000000F0D7FE069B002B06464FDC209B022B3A
:10C610004CDD11E0C9D0089A1C331A4408921D441D
:10C620009844C2E70346F6E7B9F1000F38DC209BD7
:10C63000022B35DDCDF81890069B63B939460522EB
:10C64000204600F0B6FE01460746584601F0BAF80B
:10C6500000283FF7CCAD219B059D6FEA030A4FF000
:10C6600000093946204600F08DFE002E3FF4B7AE9B
:10C67000B9F1000F05D0B14503D04946204600F07E
:10C6800081FE3146204600F07DFEA8E600273E46AA
:10C69000E1E7DDF828A03E46A9E500BF0000244000
:10C6A0000C9BCDF81890002B00F0F580002D05DDD7
:10C6B00031462A46204601F031F80646099B002BF8
:10C6C0004CD07168204600F029FE326902320546DE
:10C6D000920006F10C010C30FDF7EAFD012229461B
:10C6E000204601F01BF8059B0893029B03F0010311
:10C6F000B1460993064639465846FFF79DFA494622
:10C70000054600F13008584601F05CF832460290C8
:10C710003946204601F070F8C368024603BB014663
:10C720000A90584601F04EF80A9A034611462046F0
:10C730000A9300F027FE0A9BA3B9209A92B9099A9E
:10C7400082B9B8F1390F29D0029B002B01DD05F128
:10C750003108089B5D1C83F8008082E73046C2E701
:10C760000123E3E7029A002A04DB24D1209A12BBBA
:10C77000099A02BB002BECDD59460122204600F04D
:10C78000CDFF3946834601F01DF8002803DCE0D1D7
:10C7900018F0010FDDD0B8F1390FD8D1089B089AF5
:10C7A0005D1C3923137015F8013C392B05F1FF325C
:10C7B0004ED0013353E0089A002B02F1010506DD4B
:10C7C000B8F1390FEAD008F10108089BC3E7059BCF
:10C7D000069A05F8018CEB1A934221D059460023A2
:10C7E0000A22204600F0E5FDB14583464FF00003E4
:10C7F0004FF00A024946204605D100F0DAFD814695
:10C800000646089577E700F0D4FD314681460023BF
:10C810000A22204600F0CDFD0646F2E74FF000095F
:10C8200059460122204600F079FF3946834600F040
:10C83000C9FF0028B7DC02D118F0010FB3D115F8F9
:10C84000013C302B05F1FF327FF40BAF1546F6E7C4
:10C85000059B934205D1059A0AF1010A3123137011
:10C86000FFE615469FE7174BFFF7D7BA249B002B2F
:10C870007FF4B1AA144BFFF7D0BA209B012B7FF7AE
:10C880003AAE0D9B09934EE6069B002B03DC209BE2
:10C89000022B3FF7D1AE059D39465846FFF7CCF93C
:10C8A00000F1300805F8018B059B069AEB1A9A42B5
:10C8B000B4DD594600230A22204600F07AFD834663
:10C8C000EAE700BFC8F5000840F600088A892DE9AC
:10C8D000F041054610070C4658D44B68002B05DC88
:10C8E0000B6C002B02DC0020BDE8F081E66A002E14
:10C8F000F9D0002312F480522F68216A2B6032D0C5
:10C90000606DA3895A0705D56368C01A636B0BB1C4
:10C91000236CC01A00230246E66A216A2846B04703
:10C92000431CA38906D129681D2948D8294ACA4031
:10C93000D60744D500226260D9042269226004D55A
:10C94000421C01D12B6803B96065616B2F6000291F
:10C95000C9D004F14403994202D02846FDF7BCFC3B
:10C9600000206063C0E701232846B047411CC8D1BE
:10C970002B68002BC5D01D2B01D0162B01D12F60A9
:10C98000B1E7A38943F04003A381ADE70F69002F0E
:10C99000A9D093070E6808BF4B690F6018BF00232A
:10C9A000A6EB07088B60B8F1000F9CDD43463A46C2
:10C9B000216AA66A2846B047002806DCA38943F00E
:10C9C0004003A3814FF0FF308EE70744A8EB000837
:10C9D000E9E700BF0100402038B50B6905460C4669
:10C9E000DBB118B183690BB900F060F80C4B9C42C5
:10C9F00009D16C68B4F90C307BB121462846BDE8FA
:10CA00003840FFF763BF074B9C4201D1AC68F1E7A8
:10CA1000054B9C4208BFEC68ECE7002038BD00BF26
:10CA200070F6000890F6000850F60008002310B5D4
:10CA30000446C0E90033836081814366C281C0E956
:10CA400004338361194608225C30FDF73CFC054B3A
:10CA50006362054BA362054BE362054B24622363CB
:10CA600010BD00BFADDD0008CFDD000807DE000807
:10CA70002BDE0008014900F085B800BFD9C90008C5
:10CA800070B54A1E682555430E4605F17401FDF741
:10CA900071FC044640B10021C0E900160C30A060D2
:10CAA00005F16802FDF70FFC204670BD836910B5E3
:10CAB000044633BBC0E912330365124B124A1B68AC
:10CAC0008262984204BF0123836100F01FF8606016
:10CAD000204600F01BF8A060204600F017F8002266
:10CAE000E06004216068FFF7A1FF01220921A0682E
:10CAF000FFF79CFF02221221E068FFF797FF012356
:10CB0000A36110BDB4F5000875CA0008F8B51B4B49
:10CB10001E68B369074613B93046FFF7C7FF4836AA
:10CB2000D6E90134013B03D5336833B13668F7E702
:10CB3000B4F90C506DB16834F4E704213846FFF7BE
:10CB40009FFF30600028F1D10C233B600446204653
:10CB5000F8BD0B4B6566C4E90055A560C4E9033513
:10CB6000C4E905550822294604F15C00FDF7ABFB3A
:10CB7000C4E90D55C4E91255E9E700BFB4F5000852
:10CB80000100FFFF2DE9F8438046894600F1480483
:10CB9000002614B93046BDE8F883D4E90175013F99
:10CBA00001D52468F5E7AB89012B07D9B5F90E301B
:10CBB000013303D029464046C84706436835EEE7AF
:10CBC000F0B506694B119E4200F1140430DD11F0FE
:10CBD0001F0104EB860604EB830208D12146B24212
:10CBE0000B4611D252F8043B41F8043BF7E754F8E6
:10CBF0002350C1F1200CCD4004322346B2421746E7
:10CC00000CD31D6005B104331A1BA3424FEAA202E4
:10CC100008BF0023026108BF4361F0BD3F6807FA07
:10CC20000CF73D4343F8045B52F8045BCD40E5E765
:10CC30002346E9E7A0F13003092B02D82038C0B21F
:10CC40007047A0F16103052B01D84738F7E7A0F141
:10CC50004103052B01D82738F1E7002070472DE963
:10CC6000F04F8BB08A46029016980693904600F0DB
:10CC7000CDFA036803931846F4F7B0FC039B0190C8
:10CC800003444FF0000B13F8013C0793DAF800302F
:10CC900002331F4613F8010B30286CD0FFF7CAFF90
:10CCA000044600286AD1019A03993846FEF7B0F885
:10CCB000002866D1019BF85CFE18FFF7BBFF002837
:10CCC00062D03346187830281F4603F10103F9D0AB
:10CCD000FFF7B0FFB0FA80F56D0934464FF0010B55
:10CCE0003A46164601323078FFF7A4FF0028F8D103
:10CCF000019A03993046FEF78BF850B954B9019B5D
:10CD0000F4182246164601323078FFF793FF0028C8
:10CD1000F8D10CB1A41BA4003378502B01D0702B98
:10CD200040D173782B2B31D02D2B33D0711C4FF089
:10CD300000090878FFF77EFF431EDBB2182B31D8BD
:10CD4000A0F1100211F8010FFFF774FF431EDBB2D0
:10CD5000182B22D9B9F1000F00D052421444CAF85E
:10CD600000100DB3BBF1000F0CBF0627002738469B
:10CD70000BB0BDE8F08F0BF1010B8AE700252C46C4
:10CD8000AEE73E460125C7E70446FBE74FF0000942
:10CD9000B11CCEE74FF00109FAE70A2303FB0202B8
:10CDA000103ACFE73146DAE7F31B013B2946072B60
:10CDB00049DC029800F0B2FA019B00F114094FF02F
:10CDC000000BC3F101030546CDF81090DA46089335
:10CDD000B7423BD3049840F804ABA0EB09008010A5
:10CDE00028614701504600F05DFBD8F800603F1A0B
:10CDF000B74264DDBF1B3946284600F068FE824614
:10CE000078B17B1E591103F01F024FF0010A59F847
:10CE100021100AFA02F20A4203D0534546DC4FF0D1
:10CE2000020A39462846FFF7CBFE3C44D8F80830C2
:10CE3000A34252DA2946029800F0A4FA149A002379
:10CE40001360A32793E701315B10B0E7731E0593CE
:10CE5000079A16F8013C934218D0BBF1200F07D176
:10CE6000049BC3F800A004334FF0000A0493D34698
:10CE700016F8010CFFF7DEFE00F00F0000FA0BF0D1
:10CE80004AEA000A0BF1040B059B0DE0059B089A8A
:10CE90001344BB42E1D31846019A03990993FDF765
:10CEA000B7FF099B0028D8D11E4691E7B91E284636
:10CEB00000F00DFE0028B2D04FF0030AB1E709DA06
:10CEC000F71B29463A46029800F028FCE41B054669
:10CED00000F114094FF0000AA8E7D8F80400A042B6
:10CEE0006ADD041BA6422EDCD8F80C30022B22D0BF
:10CEF000032B24D0012B15D1A64213D1012E0BDC1C
:10CF0000069AD8F80430136001232B61C9F8003069
:10CF1000149B62271D602AE7711E284600F0D7FD8A
:10CF20000028EDD12946029800F02CFA149A00232B
:10CF3000136050271BE7159B002BE1D0F2E7159BF0
:10CF4000002BDDD1EEE7671EBAF1000F31D127B11A
:10CF50003946284600F0BBFD82467A11012307F0CE
:10CF60001F0703FA07F759F8223021461F422846C7
:10CF700018BF4AF0020A361BFFF722FED8F8044019
:10CF80000227BAF1000F48D0D8F80C30022B15D088
:10CF9000032B17D0012B09D11AF0020F06D0D9F8B4
:10CFA00000304AEA030A1AF0010F0ED147F01007C9
:10CFB00033E04FF0010AD0E70127E2E7159BC3F108
:10CFC00001031593159B002BF0D0D5F8109005F1B7
:10CFD00014034FEA890A03EB0A014FF0000C1846CC
:10CFE00053F8042BB2F1FF3F1CD001320260022F34
:10CFF00005F1140338D1D8F80020013AB2420AD121
:10D000007111012206F01F0653F8213002FA06F6CC
:10D010001E4218BF174647F02007149B1D60069B51
:10D020001C60A4E6994243F804CCD8D8AB68994573
:10D0300012DB69680298013100F070F92A69023246
:10D0400005F10C01834692000C30FDF731F92946B9
:10D05000029800F097F95D462B695A1C05EB830393
:10D060002A6101225A61C2E72A694A450BDD012182
:10D070002846FFF7A5FDD8F808300134A342FFF693
:10D08000D9AE0127C7E716F01F06FAD09A44C6F1B9
:10D0900020065AF8040C00F005FAB042E7DBF0E78E
:10D0A000C2F10802920070B5C2F12006436804681C
:10D0B00003FA06F52C43D340046040F8043F88424D
:10D0C000F4D370BD30B50368013311F8014B14B9C6
:10D0D0000360012030BD13F8012BA2F14105192D89
:10D0E00098BF2032A242F0D00020F3E72DE9F04FA4
:10D0F0000B6801685F1102EB870713F01F0387B00D
:10D1000018BF043700253E1F82469046019347F81A
:10D11000045CB14634460295AB464A784B1C0393F7
:10D1200042B3104605910492FFF784FD002843D1D5
:10D13000049A0599202A18D8029B9B4513DD4C457B
:10D1400006D2072D04DC2A4649462046FFF7A8FFF1
:10D15000444544D90023A4F1040944F8043CCDF823
:10D1600008B04C461D460399D7E7292A4AD1023117
:10D17000CAF80010BBF1000F44D04C4506D2072D71
:10D1800004DC2A4649462046FFF78AFF444528D951
:10D19000434654F8042B43F8042BA642F9D200224C
:10D1A00043F8042B9E42FBD233681BB9464527D176
:10D1B00001233360052026E00135082D0BF1010B1A
:10D1C00006DD4445CFD9002344F8043C0125043C46
:10D1D000226800F00F0040EA02102060C3E7082533
:10D1E000C1E7019B002BDFD04FF0FF32C3F12003DA
:10D1F00022FA03F357F8042C1A4047F8042CD3E71B
:10D20000043ED1E7042007B0BDE8F08FF03070474E
:10D21000044B1B68186A044B002808BF1846F030FE
:10D22000704700BF200000208400002070B50E462B
:10D23000B1F90E10002996B014461D4607DA0023F6
:10D240002B60B3891A0610D44FF480630EE06A464F
:10D2500000F01EFE0028F2DB019A02F47042A2F5F3
:10D2600000535A425A412A60EEE7402300202360CF
:10D2700016B070BD8B8973B59D0706460C4607D561
:10D2800004F14703236023610123636102B070BD91
:10D2900001AB6A46FFF7CAFF009905463046FDF725
:10D2A00069F848B9B4F90C309A05EFD423F00303B8
:10D2B00043F00203A381E3E70D4BB362A38920602F
:10D2C00043F08003A381009B6361019B20615BB1FC
:10D2D000B4F90E10304600F0EDFD28B1A38923F01B
:10D2E000030343F00103A381A3891D43A581CDE777
:10D2F00075CA000882B001B901A942B14BB11378D7
:10D300000B601278101C18BF012002B07047104645
:10D31000FBE76FF00100F8E77047704770B5456AAA
:10D3200004460E463DB91020FCF7BAFF6062C0E922
:10D3300001550560C560656AEB6883B1636ADB68A7
:10D3400053F82600B8B9012101FA06F56A1D9200CA
:10D35000204600F0DDFB60B1C0E901650EE021224E
:10D360000421204600F0D4FB636AE860DB68002BF0
:10D37000E4D1002070BD026843F826200023C0E9F4
:10D380000333F7E770B5446A06460D463CB91020F2
:10D39000FCF786FF7062C0E901440460C4603DB1DF
:10D3A000736A6A68DB6853F82210296043F82250D8
:10D3B00070BD2DE9F0410D691F4606460C4601F18E
:10D3C000140C0023DCF8000081B202FB01710F0C89
:10D3D000000C02FB007089B2013301EB00419D4259
:10D3E0004FEA10474CF8041BECDCD7B1A368AB4202
:10D3F00012DC616830460131FFF790FF226902328A
:10D4000004F10C01804692000C30FCF751FF2146DC
:10D410003046FFF7B7FF444604EB850301355F61F3
:10D4200025612046BDE8F0812DE9F8430C461546FC
:10D430001F4609220833064693FBF2F3002101221E
:10D440009A4220DB3046FFF769FF089B4361092DB4
:10D450004FF00103036119DD04F10908C1462C44B2
:10D4600019F8013B0146303B0A223046FFF7A1FF85
:10D47000A145F5D108EB0504083C2D1B6319BB42FF
:10D4800007DBBDE8F88352000131D9E70A340925EA
:10D49000F3E714F8013B0146303B0A223046FFF720
:10D4A00088FFEBE7020C12040346B2B90304102014
:10D4B00013F07F4F04BF1B02083013F0704F04BFFE
:10D4C0001B01043013F0404F04BF9B000230002BBF
:10D4D00006DB5B0003D5013070470020E8E7202021
:10D4E0007047036813F0070201460BD0DA0723D414
:10D4F000980749BF5B089B0801200B605CBF0B606D
:10D500000220704798B2A8B91B0C102013F0FF0F2F
:10D5100004BF1B0A08301A0704BF1B0904309A070E
:10D5200004BF9B080230DA0702D45B0806D0013042
:10D530000B6070471046E9E70020704720207047D5
:10D5400010B50C460121FFF7E9FE0122446102619A
:10D5500010BD2DE9F74F14460A6923699A42B8BFF6
:10D560000B468846BCBFA0461C46D8F81070D4F8BD
:10D570001090D8F80830D8F8041007EB0906B34229
:10D58000B8BF0131FFF7CAFE00F1140505EB860EA6
:10D590002B460022734516D304F1140208F114013E
:10D5A00002EB890301EB87070093009B01929342F2
:10D5B0000CD8002E03DD5EF8043D002B5DD0066123
:10D5C00003B0BDE8F08F43F8042BE3E7B2F800B0F6
:10D5D000BBF1000F23D08946AC464FF0000859F844
:10D5E000044BDCF800A0A3B21FFA8AFA0BFB03A3DA
:10D5F0004FEA144ADCF8004043444FEA14480BFB5E
:10D600000A8404EB1344E2469BB243EA04434F45C9
:10D610004FEA14484AF8043B2BD8CCF80480019B0D
:10D62000B3F802A00432BAF1000F20D02B6889466B
:10D63000A8464FF0000BB9F800C0B8F802400AFB4A
:10D640000C445C44C4469BB243EA04434CF8043B9C
:10D6500059F8043BB8F804B01B0C0AFB03B303EB06
:10D6600014434F454FEA134B05D8C8F8043004352E
:10D670009BE7D446B3E7E046DDE7013E99E70000CB
:10D680002DE9F843154612F0030206460F4607D06F
:10D69000013A214C002354F82220FFF78AFE074666
:10D6A000AD1035D0746A3CB91020FCF7F9FD7062FA
:10D6B000C0E901440460C460D6F82480D8F808406A
:10D6C0004CB940F271213046FFF73AFF0023C8F809
:10D6D0000800044603604FF00008EB070AD53946FE
:10D6E00022463046FFF735FF394681463046FFF780
:10D6F00049FE4F466D100BD0206838B922462146AE
:10D700003046FFF726FF2060C0F800800446E4E7BB
:10D710003846BDE8F88300BFB0F700082DE9F047B0
:10D720000C464FEA621A236949680AEB0309A368A9
:10D730000746164609F10105AB4232DB3846FFF7D2
:10D74000EDFD0023804600F114011A4653452BDB02
:10D7500020692AEAEA7A04F1140316F01F0201EBA9
:10D760008A0103EB800C25D0C2F1200E00201E6838
:10D770008A46964030434AF8040B53F8040B9C4504
:10D7800020FA0EF014D8486008B109F10205013DF5
:10D790003846C8F810502146FFF7F4FD4046BDE872
:10D7A000F08701315B00C7E741F823200133CDE763
:10D7B0005146DCE7043953F8042B41F8042F9C450B
:10D7C000F9D8E4E703690A699B1A30B50CD19200D5
:10D7D000143014318418114454F8045D51F8042DA8
:10D7E000954203D005D30123184630BDA042F3D3A0
:10D7F000FAE74FF0FF33F7E72DE9F0470D4607460C
:10D80000114628461446FFF7DDFF061E08D13146B3
:10D810003846FFF783FD0123C0E90436BDE8F087F1
:10D82000A4BF23462C4638466168A6BF1D46002685
:10D830000126FFF773FD2B69C660266905F11409FF
:10D8400004F1140202EB860709EB830800F11405CA
:10D850004FF0000E52F804AB59F8044B1EFA8AF14F
:10D86000A3B2C91A230CC3EB1A4303EB214389B2B9
:10D870004FEA234EC84541EA0343944645F8043B2A
:10D88000E8D8BC4504D355F8043D83B10661C5E72B
:10D890005CF8041B1EFA81F31A1402EB11429BB2CE
:10D8A00043EA02434FEA224E45F8043BE9E7013ED2
:10D8B000E9E70000104B0B40A3F15073002B02DD91
:10D8C0000020194670475B421B15132B4FF00000D8
:10D8D0004FF0000104DC4FF4002242FA03F17047DC
:10D8E000143B1E2B4FF00102DABFC3F11F0302FAF3
:10D8F00003F31346184670470000F07F2DE9F84304
:10D90000076900F1140909EB8707A7F1040857F824
:10D91000046C3046FFF7C6FDC0F120030A280B60F7
:10D920001E4917DCC0F10B0CC14526FA0CF338BFB9
:10D9300057F8082C43EA010528BF002200F115031F
:10D9400006FA03F322FA0CF243EA020420462946BF
:10D95000BDE8F883C1453ABFA7F1080857F8082C7D
:10D960000022B0F10B0315D09E40C3F1200746F012
:10D970007F5622FA07F1C84546F4401646EA0105EB
:10D980008CBF58F8041C002102FA03F0F94040EA69
:10D990000104DBE746EA01051446D7E70000F03F43
:10D9A0002DE9F743012199469046DDE90A65FFF725
:10D9B000B5FCC9F30A540746C9F3130334BBB8F1E5
:10D9C0000002019327D002A840F8082DFFF789FD37
:10D9D0000099F0B1019AC0F1200302FA03F30B435E
:10D9E000C2407B610192019BBB61002B14BF0221ED
:10D9F00001213961C4B1A4F2334404443460C0F15C
:10DA000035002860384603B0BDE8F08343F4801346
:10DA1000D5E77961E7E701A8FFF763FD019B7B612B
:10DA2000012139612030E5E707EB8103A0F23240A4
:10DA300030601869FFF736FDC0EB4110E1E72DE9D2
:10DA4000F74F884669468146FFF758FF8B460646E2
:10DA50000F46404601A9FFF751FFD9F81030D8F81A
:10DA60001020A3EB020CDDE900329B1A03EB4C13F0
:10DA7000002BD5BF0A463A46C3EB033302EB035BE8
:10DA80000D46D8BF02EB03552B4602465946304699
:10DA9000F2F7ECFE03B0BDE8F08F013910B5491183
:10DAA0001469013102F1140300EB810103EB8404DA
:10DAB000A342024603D300238A4205D310BD53F884
:10DAC000042B40F8042BF3E742F8043BF4E700F1A1
:10DAD000140200694B11984210B511DB0ADD11F0F8
:10DAE0001F0107D052F8234024FA01F000FA01F197
:10DAF0008C420BD102EB8303934203D8002010BD6C
:10DB00000346F7E753F8041D0029F5D00120F6E796
:10DB100038B502FB01F42146FCF72CFC054618B190
:10DB200022460021FCF7CFFB284638BD9368013B15
:10DB3000002B10B4936008DA9469A34201DB0A2930
:10DB400003D15DF8044BFDF7B7BF1368581C106094
:10DB5000197008465DF8044B7047F8B506460F4645
:10DB60001446D518AC4201D1002007E03A4614F81B
:10DB7000011B3046FFF7DAFF431CF3D1F8BD00006C
:10DB80002DE9F04F0C469DB017461D46064618B1CC
:10DB900083690BB9FEF78AFF7C4B9C4258D17468AD
:10DBA000A38918075ED52369002B5BD00023099356
:10DBB00020238DF8293030238DF82A3003954FF03B
:10DBC000010BB846454615F8013B0BB1252B54D146
:10DBD000B8EB070A0BD053463A4621463046FFF7CA
:10DBE000BCFF013000F0C280099B5344099398F8B0
:10DBF0000030002B00F0BA8000234FF0FF32CDE957
:10DC00000523049307938DF853301A93A8460522F1
:10DC100018F8011B5E48F3F7EBFC049B78BBD906B0
:10DC200044BF20228DF853201A0744BF2B228DF8C1
:10DC300053202A782A2A2AD0079AA84600200A25A3
:10DC4000414611F8013B303B092B69D960B324E010
:10DC5000504B9C4201D1B468A2E74F4B9C4208BF95
:10DC6000F4689DE721463046FDF778FF00289DD0F7
:10DC70004FF0FF301DB0BDE8F08FA846A2E7444A40
:10DC8000801A0BFA00F0184304904546BEE7039A49
:10DC9000111D12680391002A01DB079204E0524231
:10DCA00043F002030792049398F800302E2B0ED114
:10DCB00098F801302A2B38D1039B1A1D1B68039258
:10DCC000002BB8BF4FF0FF3308F102080593334D26
:10DCD00098F8001003222846F3F78AFC40B140234D
:10DCE000401B03FA00F0049B034308F1010804936E
:10DCF00098F800102A488DF82810062208F101072C
:10DD0000F3F776FC002837D0264B1BBB039B073369
:10DD100023F0070308330393099B4B44099350E70F
:10DD200005FB0232012088468AE7002308F101083A
:10DD3000059319460A25404610F8012B303A092A66
:10DD400003D9002BC3D00591C1E705FB01210123B5
:10DD50008046F0E703AB00932246134B04A93046FC
:10DD6000FCF7F4FBB0F1FF3F8146D5D1A3895B06F8
:10DD70003FF57EAF09987DE703AB009322460A4B3F
:10DD800004A93046FCF79EFEECE700BF70F60008E1
:10DD9000BCF7000890F6000850F60008C2F700082B
:10DDA000C6F700084DA500085BDB000810B50C465F
:10DDB000B1F90E1000F0A0F80028ABBF636DA38985
:10DDC0001B1823F48053ACBF6365A38110BD2DE9FC
:10DDD000F0411F468B89DB0505460C46164605D5E6
:10DDE00002230022B1F90E1000F074F8A389B4F9EF
:10DDF0000E1023F48053A38132463B462846BDE8EB
:10DE0000F04100F023B810B50C46B1F90E1000F047
:10DE100061F8431CA38915BF606523F4805343F464
:10DE20008053A38118BFA38110BDB1F90E1000F07B
:10DE30001FB849B1FF2A85BF8A2303600A704FF0DB
:10DE4000FF3098BF012070470846704738B5074C2F
:10DE5000054608461146002222601A46F8F7BCFB28
:10DE6000431C02D1236803B12B6038BD44690020F4
:10DE700038B5064C0023054608462360F9F796FBA3
:10DE8000431C02D1236803B12B6038BD44690020D4
:10DE900038B5074C00230546084611462360F9F7BC
:10DEA00088FB431C02D1236803B12B6038BD00BF3F
:10DEB0004469002038B5064C002305460846236017
:10DEC000F9F77CFB431C02D1236803B12B6038BDFA
:10DED0004469002038B5074C054608461146002223
:10DEE00022601A46F9F76CFB431C02D1236803B188
:10DEF0002B6038BD4469002038B5074C05460846FC
:10DF00001146002222601A46F9F724FB431C02D175
:10DF1000236803B12B6038BD44690020F8B500BF09
:10DF2000F8BC08BC9E467047F8B500BFF8BC08BCFA
:04DF30009E46704752
:10DF38000006101600061016416374697669747934
:10DF4800205468726573686F6C643A2025312E31ED
:10DF580066200D0A000000004465673A25312E311D
:10DF6800662C09204465674F72673A25312E316661
:10DF78002C09204163743A25312E32662C09544805
:10DF88003A25312E3166000048414C5F4144435FD9
:10DF9800436F6E6669674368616E6E656C20657273
:10DFA800726F720D0000000048414C5F4144435FAE
:10DFB8005374617274206572726F720D00000000F4
:10DFC80048414C5F4144435F506F6C6C466F7243ED
:10DFD8006F6E76657273696F6E206572726F720DFF
:10DFE8000000000048414C5F4144435F476574535B
:10DFF80074617465206572726F720D006163743F9D
:10E00800000000000D0A4163746976697479205430
:10E0180068726573686F6C643A25312E31660D0A33
:10E02800000000006163743D0000000031323334A9
:10E038003536373839302E000D0A205365742041A3
:10E0480063746976697479205468726573686F6C53
:10E05800643A25312E31660D0A000000727374216E
:10E06800000000000D0A20536F6674205245534586
:10E0780054210D003E3E2573000000000D0A536F29
:10E08800756E6420446972656374696F6E205365A8
:10E098006E736F722076312E3120284F63742020E2
:10E0A800362032303236290D0000000053616D7081
:10E0B8006C696E67204672713A20252E3166206B96
:10E0C800487A0D0A000000004F72646572206F667E
:10E0D800204349432066696C746572206D757374BA
:10E0E800206265206F76657220300D004465636993
:10E0F8006D6174696F6E206F6620434943206669BD
:10E108006C746572206D757374206265206F766516
:10E118007220300D0000000043696346696C746525
:10E1280072537472756374206D616C6C6F632065D3
:10E1380072726F720D00000048414C5F53504934B1
:10E148005F526563656976655F444D41204572722B
:10E158006F72203D2025640D0A00000048414C5F85
:10E16800535049335F526563656976655F444D4135
:10E17800204572726F72203D2025640D0A00000050
:10E1880048414C5F535049325F5265636569766513
:10E198005F444D41204572726F72203D2025640D09
:10E1A8000A00000048414C5F535049315F52656393
:10E1B800656976655F444D41204572726F72203DF6
:10E1C8002025640D0A000000000000000000000087
:10E1D8000102030406070809000000000102030405
:10E1E80000010000F8E10008FCF10008B801000097
:10E1F8000000803F0000000043EC7F3FB00AC93CAC
:10E208000FB17F3F2FFB483D6D4E7F3F05A9963DDF
:10E218006DC47E3F36BDC83D24137E3F73B2FA3DC0
:10E22800AC3A7D3F8340163E283B7C3FA2102F3EF0
:10E23800BE147B3FC2C5473E9DC7793F135C603E15
:10E24800F853783FCCCF783E07BA763F938E883E16
:10E258000BFA743F31A0943E4714733FE59AA03EF1
:10E268000809713FD47CAC3E9ED86E3F2A44B83E24
:10E278005E836C3F15EFC33EA7096A3FCA7BCF3E5A
:10E28800D86B673F80E8DA3E59AA643F7533E63EAB
:10E2980098C5613FEA5AF13E05BE5E3F275DFC3EE8
:10E2A8001A945B3F3D9C033F5348583F9BF5083FFA
:10E2B80031DB543FDA390E3F3D4D513F2A68133F59
:10E2C800029F4D3FC07F183F12D1493FD17F1D3F6C
:10E2D80003E4453F9967223F70D8413F5636273FB0
:10E2E800F9AE3D3F4AEB2B3F4268393FBB85303F93
:10E2F800F304353FF304353FBB85303F4268393F6F
:10E308004AEB2B3FF9AE3D3F5636273F70D8413F89
:10E318009967223F03E4453FD17F1D3F12D1493F12
:10E32800C07F183F029F4D3F2A68133F3D4D513F24
:10E33800DA390E3F31DB543F9BF5083F5348583FCD
:10E348003D9C033F1A945B3F275DFC3E05BE5E3F44
:10E35800EA5AF13E98C5613F7533E63E59AA643FD3
:10E3680080E8DA3ED86B673FCA7BCF3EA7096A3F91
:10E3780015EFC33E5E836C3F2A44B83E9ED86E3F7D
:10E38800D47CAC3E0809713FE59AA03E4714733F20
:10E3980031A0943E0BFA743F938E883E07BA763FBD
:10E3A800CCCF783EF853783F135C603E9DC7793FE9
:10E3B800C2C5473EBE147B3FA2102F3E283B7C3F80
:10E3C8008340163EAC3A7D3F73B2FA3D24137E3F3C
:10E3D80036BDC83D6DC47E3F05A9963D6D4E7F3F55
:10E3E8002FFB483D0FB17F3FB00AC93C43EC7F3F4C
:10E3F800000000000000803FB00AC9BC43EC7F3F2A
:10E408002FFB48BD0FB17F3F05A996BD6D4E7F3FDD
:10E4180036BDC8BD6DC47E3F73B2FABD24137E3FBE
:10E42800834016BEAC3A7D3FA2102FBE283B7C3FEE
:10E43800C2C547BEBE147B3F135C60BE9DC7793F13
:10E44800CCCF78BEF853783F938E88BE07BA763F14
:10E4580031A094BE0BFA743FE59AA0BE4714733FEF
:10E46800D47CACBE0809713F2A44B8BE9ED86E3F22
:10E4780015EFC3BE5E836C3FCA7BCFBEA7096A3F58
:10E4880080E8DABED86B673F7533E6BE59AA643FA9
:10E49800EA5AF1BE98C5613F275DFCBE05BE5E3FE6
:10E4A8003D9C03BF1A945B3F9BF508BF5348583FF8
:10E4B800DA390EBF31DB543F2A6813BF3D4D513F57
:10E4C800C07F18BF029F4D3FD17F1DBF12D1493F6A
:10E4D800996722BF03E4453F563627BF70D8413FAE
:10E4E8004AEB2BBFF9AE3D3FBB8530BF4268393F91
:10E4F800F30435BFF304353F426839BFBB85303F6D
:10E50800F9AE3DBF4AEB2B3F70D841BF5636273F87
:10E5180003E445BF9967223F12D149BFD17F1D3F10
:10E52800029F4DBFC07F183F3D4D51BF2A68133F22
:10E5380031DB54BFDA390E3F534858BF9BF5083FCB
:10E548001A945BBF3D9C033F05BE5EBF275DFC3E42
:10E5580098C561BFEA5AF13E59AA64BF7533E63ED1
:10E56800D86B67BF80E8DA3EA7096ABFCA7BCF3E8F
:10E578005E836CBF15EFC33E9ED86EBF2A44B83E7B
:10E58800080971BFD47CAC3E471473BFE59AA03E1E
:10E598000BFA74BF31A0943E07BA76BF938E883EBB
:10E5A800F85378BFCCCF783E9DC779BF135C603EE7
:10E5B800BE147BBFC2C5473E283B7CBFA2102F3E7E
:10E5C800AC3A7DBF8340163E24137EBF73B2FA3D3A
:10E5D8006DC47EBF36BDC83D6D4E7FBF05A9963D53
:10E5E8000FB17FBF2FFB483D43EC7FBFB00AC93C4A
:10E5F800000080BF0000000043EC7FBFB00AC9BC28
:10E608000FB17FBF2FFB48BD6D4E7FBF05A996BDDB
:10E618006DC47EBF36BDC8BD24137EBF73B2FABDBC
:10E62800AC3A7DBF834016BE283B7CBFA2102FBEEC
:10E63800BE147BBFC2C547BE9DC779BF135C60BE11
:10E64800F85378BFCCCF78BE07BA76BF938E88BE12
:10E658000BFA74BF31A094BE471473BFE59AA0BEED
:10E66800080971BFD47CACBE9ED86EBF2A44B8BE20
:10E678005E836CBF15EFC3BEA7096ABFCA7BCFBE56
:10E68800D86B67BF80E8DABE59AA64BF7533E6BEA7
:10E6980098C561BFEA5AF1BE05BE5EBF275DFCBEE4
:10E6A8001A945BBF3D9C03BF534858BF9BF508BFF6
:10E6B80031DB54BFDA390EBF3D4D51BF2A6813BF55
:10E6C800029F4DBFC07F18BF12D149BFD17F1DBF68
:10E6D80003E445BF996722BF70D841BF563627BFAC
:10E6E800F9AE3DBF4AEB2BBF426839BFBB8530BF8F
:10E6F800F30435BFF30435BFBB8530BF426839BF6B
:10E708004AEB2BBFF9AE3DBF563627BF70D841BF85
:10E71800996722BF03E445BFD17F1DBF12D149BF0E
:10E72800C07F18BF029F4DBF2A6813BF3D4D51BF20
:10E73800DA390EBF31DB54BF9BF508BF534858BFC9
:10E748003D9C03BF1A945BBF275DFCBE05BE5EBF40
:10E75800EA5AF1BE98C561BF7533E6BE59AA64BFCF
:10E7680080E8DABED86B67BFCA7BCFBEA7096ABF8D
:10E7780015EFC3BE5E836CBF2A44B8BE9ED86EBF79
:10E78800D47CACBE080971BFE59AA0BE471473BF1C
:10E7980031A094BE0BFA74BF938E88BE07BA76BFB9
:10E7A800CCCF78BEF85378BF135C60BE9DC779BFE5
:10E7B800C2C547BEBE147BBFA2102FBE283B7CBF7C
:10E7C800834016BEAC3A7DBF73B2FABD24137EBF38
:10E7D80036BDC8BD6DC47EBF05A996BD6D4E7FBF51
:10E7E8002FFB48BD0FB17FBFB00AC9BC43EC7FBF48
:10E7F80000000080000080BFB00AC93C43EC7FBF26
:10E808002FFB483D0FB17FBF05A9963D6D4E7FBFD9
:10E8180036BDC83D6DC47EBF73B2FA3D24137EBFBA
:10E828008340163EAC3A7DBFA2102F3E283B7CBFEA
:10E83800C2C5473EBE147BBF135C603E9DC779BF0F
:10E84800CCCF783EF85378BF938E883E07BA76BF10
:10E8580031A0943E0BFA74BFE59AA03E471473BFEB
:10E86800D47CAC3E080971BF2A44B83E9ED86EBF1E
:10E8780015EFC33E5E836CBFCA7BCF3EA7096ABF54
:10E8880080E8DA3ED86B67BF7533E63E59AA64BFA5
:10E89800EA5AF13E98C561BF275DFC3E05BE5EBFE2
:10E8A8003D9C033F1A945BBF9BF5083F534858BFF4
:10E8B800DA390E3F31DB54BF2A68133F3D4D51BF53
:10E8C800C07F183F029F4DBFD17F1D3F12D149BF66
:10E8D8009967223F03E445BF5636273F70D841BFAA
:10E8E8004AEB2B3FF9AE3DBFBB85303F426839BF8D
:10E8F800F304353FF30435BF4268393FBB8530BF69
:10E90800F9AE3D3F4AEB2BBF70D8413F563627BF83
:10E9180003E4453F996722BF12D1493FD17F1DBF0C
:10E92800029F4D3FC07F18BF3D4D513F2A6813BF1E
:10E9380031DB543FDA390EBF5348583F9BF508BFC7
:10E948001A945B3F3D9C03BF05BE5E3F275DFCBE3E
:10E9580098C5613FEA5AF1BE59AA643F7533E6BECD
:10E96800D86B673F80E8DABEA7096A3FCA7BCFBE8B
:10E978005E836C3F15EFC3BE9ED86E3F2A44B8BE77
:10E988000809713FD47CACBE4714733FE59AA0BE1A
:10E998000BFA743F31A094BE07BA763F938E88BEB7
:10E9A800F853783FCCCF78BE9DC7793F135C60BEE3
:10E9B800BE147B3FC2C547BE283B7C3FA2102FBE7A
:10E9C800AC3A7D3F834016BE24137E3F73B2FABD36
:10E9D8006DC47E3F36BDC8BD6D4E7F3F05A996BD4F
:10E9E8000FB17F3F2FFB48BD43EC7F3FB00AC9BC46
:10E9F80000000000920E493CB10AC93C2BC3163DE9
:10EA08002EFB483D752B7B3D04A9963D80B6AF3D56
:10EA180036BDC83D2FBCE13D73B2FA3D87CF093EF4
:10EA28008340163EB5AB223EA2102F3ECF6E3B3E32
:10EA3800C2C5473E0115543E135C603E7F9A6C3E4A
:10EA4800CCCF783EC07D823E938E883E229A8E3E01
:10EA580032A0943E86A09A3EE59AA03E128FA63E2A
:10EA6800D47CAC3EEF63B23E2A44B83E491DBE3E5C
:10EA780015EFC33E53B9C93ECA7BCF3E4136D53E9A
:10EA880080E8DA3E4F92E03E7533E63EBBCBEB3E84
:10EA9800EA5AF13ECBE0F63E275DFC3EE4E7003F54
:10EAA8003D9C033F824B063F9BF5083F6B9A0B3F0B
:10EAB800DA390E3FCDD3103F2A68133FD9F6153FF8
:10EAC800C07F183FC6021B3FD17F1D3FCBF61F3FBB
:10EAD8009967223F25D2243F5636273F1594293F70
:10EAE8004AEB2B3FDE3B2E3FBB85303FC9C8323F48
:10EAF800F304353F233A373F4268393F3B8F3B3F6A
:10EB0800F9AE3D3F67C73F3F70D8413F01E2433F01
:10EB180003E4453F65DE473F12D1493FF8BB4B3F11
:10EB2800029F4D3F207A4F3F3D4D513F4918533F7B
:10EB380031DB543FE595563F5348583F6AF2593FF9
:10EB48001A945B3F532D5D3F05BE5E3F2146603FF3
:10EB580097C5613F5A3C633F59AA643F880F663F97
:10EB6800D86B673F3CBF683FA7096A3F0C4B6B3FB8
:10EB78005E836C3F93B26D3F9ED86E3F73F56F3FD7
:10EB88000809713F5213723F4714733FDD0B743FFE
:10EB98000BFA743FC6DE753F07BA763FC58B773FE1
:10EBA800F853783F9812793F9DC7793F02737A3FAF
:10EBB800BE147B3FCDAC7B3F283B7C3FC9BF7C3F2D
:10EBC800AC3A7D3FCCAB7D3F23137E3FB0707E3F98
:10EBD8006DC47E3F580E7F3F6D4E7F3FAB847F3FB5
:10EBE8000FB17F3F97D37F3F43EC7F3F11FB7F3FC0
:10EBF8000000803F11FB7F3F43EC7F3F97D37F3F6F
:10EC08000FB17F3FAB847F3F6D4E7F3F580E7F3FF4
:10EC18006DC47E3FB0707E3F23137E3FCCAB7D3FFB
:10EC2800AC3A7D3FC9BF7C3F283B7C3FCDAC7B3FA6
:10EC3800BE147B3F02737A3F9DC7793F9812793F94
:10EC4800F853783FC58B773F07BA763FC6DE753FE6
:10EC58000BFA743FDD0B743F4714733F5213723F36
:10EC68000809713F73F56F3F9ED86E3F93B26D3FB1
:10EC78005E836C3F0C4B6B3FA7096A3F3CBF683F04
:10EC8800D86B673F880F663F59AA643F5A3C633F79
:10EC980097C5613F2146603F05BE5E3F532D5D3FEE
:10ECA8001A945B3F6AF2593F5348583FE595563FDF
:10ECB80031DB543F4918533F3D4D513F207A4F3F78
:10ECC800029F4D3FF8BB4B3F12D1493F65DE473F9E
:10ECD80003E4453F01E2433F70D8413F67C73F3FE8
:10ECE800F9AE3D3F3B8F3B3F4268393F233A373FC0
:10ECF800F304353FC9C8323FBB85303FDE3B2E3F6A
:10ED08004AEB2B3F1594293F5636273F25D2243FFF
:10ED18009967223FCBF61F3FD17F1D3FC6021B3F9D
:10ED2800C07F183FD9F6153F2A68133FCDD3103F4F
:10ED3800DA390E3F6B9A0B3F9BF5083F824B063F33
:10ED48003D9C033FE4E7003F275DFC3ECBE0F63EF9
:10ED5800EA5AF13EBBCBEB3E7533E63E4F92E03EBE
:10ED680080E8DA3E4136D53ECA7BCF3E53B9C93E2C
:10ED780015EFC33E491DBE3E2A44B83EEF63B23E7E
:10ED8800D47CAC3E128FA63EE59AA03E86A09A3E61
:10ED980032A0943E229A8E3E938E883EC07D823E5B
:10EDA800CCCF783E7F9A6C3E135C603E0115543E92
:10EDB800C2C5473ECF6E3B3EA2102F3EB5AB223EAA
:10EDC8008340163E87CF093E73B2FA3D2FBCE13D22
:10EDD80036BDC83D80B6AF3D04A9963D752B7B3D39
:10EDE8002EFB483D2BC3163DB10AC93C920E493C47
:10EDF80000000000920E49BCB10AC9BC2BC316BD65
:10EE08002EFB48BD752B7BBD04A996BD80B6AFBD52
:10EE180036BDC8BD2FBCE1BD73B2FABD87CF09BEF0
:10EE2800834016BEB5AB22BEA2102FBECF6E3BBE2E
:10EE3800C2C547BE011554BE135C60BE7F9A6CBE46
:10EE4800CCCF78BEC07D82BE938E88BE229A8EBEFD
:10EE580032A094BE86A09ABEE59AA0BE128FA6BE26
:10EE6800D47CACBEEF63B2BE2A44B8BE491DBEBE58
:10EE780015EFC3BE53B9C9BECA7BCFBE4136D5BE96
:10EE880080E8DABE4F92E0BE7533E6BEBBCBEBBE80
:10EE9800EA5AF1BECBE0F6BE275DFCBEE4E700BF50
:10EEA8003D9C03BF824B06BF9BF508BF6B9A0BBF07
:10EEB800DA390EBFCDD310BF2A6813BFD9F615BFF4
:10EEC800C07F18BFC6021BBFD17F1DBFCBF61FBFB7
:10EED800996722BF25D224BF563627BF159429BF6C
:10EEE8004AEB2BBFDE3B2EBFBB8530BFC9C832BF44
:10EEF800F30435BF233A37BF426839BF3B8F3BBF66
:10EF0800F9AE3DBF67C73FBF70D841BF01E243BFFD
:10EF180003E445BF65DE47BF12D149BFF8BB4BBF0D
:10EF2800029F4DBF207A4FBF3D4D51BF491853BF77
:10EF380031DB54BFE59556BF534858BF6AF259BFF5
:10EF48001A945BBF532D5DBF05BE5EBF214660BFEF
:10EF580097C561BF5A3C63BF59AA64BF880F66BF93
:10EF6800D86B67BF3CBF68BFA7096ABF0C4B6BBFB4
:10EF78005E836CBF93B26DBF9ED86EBF73F56FBFD3
:10EF8800080971BF521372BF471473BFDD0B74BFFA
:10EF98000BFA74BFC6DE75BF07BA76BFC58B77BFDD
:10EFA800F85378BF981279BF9DC779BF02737ABFAB
:10EFB800BE147BBFCDAC7BBF283B7CBFC9BF7CBF29
:10EFC800AC3A7DBFCCAB7DBF23137EBFB0707EBF94
:10EFD8006DC47EBF580E7FBF6D4E7FBFAB847FBFB1
:10EFE8000FB17FBF97D37FBF43EC7FBF11FB7FBFBC
:10EFF800000080BF11FB7FBF43EC7FBF97D37FBF6B
:10F008000FB17FBFAB847FBF6D4E7FBF580E7FBFF0
:10F018006DC47EBFB0707EBF23137EBFCCAB7DBFF7
:10F02800AC3A7DBFC9BF7CBF283B7CBFCDAC7BBFA2
:10F03800BE147BBF02737ABF9DC779BF981279BF90
:10F04800F85378BFC58B77BF07BA76BFC6DE75BFE2
:10F058000BFA74BFDD0B74BF471473BF521372BF32
:10F06800080971BF73F56FBF9ED86EBF93B26DBFAD
:10F078005E836CBF0C4B6BBFA7096ABF3CBF68BF00
:10F08800D86B67BF880F66BF59AA64BF5A3C63BF75
:10F0980097C561BF214660BF05BE5EBF532D5DBFEA
:10F0A8001A945BBF6AF259BF534858BFE59556BFDB
:10F0B80031DB54BF491853BF3D4D51BF207A4FBF74
:10F0C800029F4DBFF8BB4BBF12D149BF65DE47BF9A
:10F0D80003E445BF01E243BF70D841BF67C73FBFE4
:10F0E800F9AE3DBF3B8F3BBF426839BF233A37BFBC
:10F0F800F30435BFC9C832BFBB8530BFDE3B2EBF66
:10F108004AEB2BBF159429BF563627BF25D224BFFB
:10F11800996722BFCBF61FBFD17F1DBFC6021BBF99
:10F12800C07F18BFD9F615BF2A6813BFCDD310BF4B
:10F13800DA390EBF6B9A0BBF9BF508BF824B06BF2F
:10F148003D9C03BFE4E700BF275DFCBECBE0F6BEF5
:10F15800EA5AF1BEBBCBEBBE7533E6BE4F92E0BEBA
:10F1680080E8DABE4136D5BECA7BCFBE53B9C9BE28
:10F1780015EFC3BE491DBEBE2A44B8BEEF63B2BE7A
:10F18800D47CACBE128FA6BEE59AA0BE86A09ABE5D
:10F1980032A094BE229A8EBE938E88BEC07D82BE57
:10F1A800CCCF78BE7F9A6CBE135C60BE011554BE8E
:10F1B800C2C547BECF6E3BBEA2102FBEB5AB22BEA6
:10F1C800834016BE87CF09BE73B2FABD2FBCE1BD1E
:10F1D80036BDC8BD80B6AFBD04A996BD752B7BBD35
:10F1E8002EFB48BD2BC316BDB10AC9BC920E49BC43
:10F1F800000000800800000210000004180000064B
:10F20800200040002800400230004004380040063A
:10F2180040008000480080025000800458008006AA
:10F228006000C0006800C0027000C0047800C0061A
:10F238008000000188000003900000059800000786
:10F24800A0004001A8004003B0004005B8004007F6
:10F25800C0008001C8008003D0008005D800800766
:10F26800E000C001E800C003F000C005F800C007D6
:10F27800000100020801080210010804180108062C
:10F28800200180022801480230014804380148065C
:10F29800400100034801880250018804580188068B
:10F2A800600180036801C8027001C8047801C806BB
:10F2B80080010802880108039001080598010807E1
:10F2C800A0018802A8014803B0014805B801480711
:10F2D800C0010803C8018803D0018805D801880740
:10F2E800E0018803E801C803F001C805F801C80770
:10F2F800080210020002000410021004180210068E
:10F3080020028004280250023002500438025006BD
:10F3180040020005480290025002900458029006EC
:10F32800600280056802D0027002D0047802D0061C
:10F338008002080488021003900210059802100742
:10F34800A0028804A8025003B0025005B802500772
:10F35800C0020805C8029003D0029005D8029007A1
:10F36800E0028805E802D003F002D005F802D007D1
:10F3780000030006080310061003180418031806F3
:10F3880020038006280390063003580438035806E3
:10F3980040030007480310075003980458039806D1
:10F3A80060038007680390077003D8047803D806C1
:10F3B80080030806880318069003180598031807A1
:10F3C800A0038806A8039806B0035805B803580791
:10F3D800C0030807C8031807D0039805D80398077F
:10F3E800E0038807E8039807F003D805F803D8076F
:10F3F800080480041004200418042006280480054A
:10F408003004600438046006400400064804880498
:10F418005004A0045804A006600410066804880577
:10F428007004E0047804E00688048006900420054F
:10F4380098042007A0040806A8048007B004600503
:10F44800B8046007C0042006C8048806D004A005D4
:10F45800D804A007E0041806E8048807F004E005CB
:10F46800F804E0070805200510058005180528069A
:10F478002805900530058805380568064005000709
:10F4880048052007500580075805A80660050807A5
:10F4980068059805700588077805E80688059006C8
:10F4A80098052807A0052806A8059007B00528078D
:10F4B800B8056807C0051007C8059806D005900765
:10F4C800D805A807E0051807E8059807F005980784
:10F4D800F805E807180630063806700640060007E3
:10F4E80048068007500608075806B0066006100749
:10F4F80068069007700618077806F0068806A006C2
:10F5080098063007A806A007B0068807B80670074F
:10F51800C0062007C806A007D0062807D806B007E7
:10F52800E0063007E806A807F0069807F806F0078F
:10F5380048075007380798075007600758077007AB
:10F548006007C0076807D0077807F0077007E0076B
:10F55800B807F007A807B007D807F007C807E007FB
:10F56800E807F00773717274000000006C6F673170
:10F5780030660000706F7766000000007371727467
:10F58800660000003863ED3EDA0F493F5E987B3F26
:10F59800DA0FC93F6937AC3168212233B40F14330D
:10F5A8006821A2330000004B000000CB240000209B
:10F5B800494E4600696E66004E414E006E616E000F
:10F5C80030003031323334353637383941424344EC
:10F5D8004546003031323334353637383961626365
:10F5E8006465660035000000CEFBFFFFCB0300001A
:10F5F800010000000000000034000000CEFBFFFF07
:10F60800CB03000001000000000000000000000023
:10F61800BC89D897B2D29C3C33A7A8D523F64939E0
:10F628003DA7F444FD0FA5329D978CCF08BA5B2502
:10F63800436FAC6428066811496E66696E6974790F
:10F64800004E614E000000000000000000000000B5
:10F6580000000000000000000000000000000000A2
:10F668000000000000000000000000000000000092
:10F678000000000000000000000000000000000082
:10F688000000000000000000000000000000000072
:10F698000000000000000000000000000000000062
:10F6A80000000000000000004300504F534958007C
:10F6B8002E000000000000000080E03779C34143BD
:10F6C800176E05B5B5B89346F5F93FE9034F384DC0
:10F6D800321D30F94877825A3CBF737FDD4F15756C
:10F6E800000000000000F03F00000000000024407F
:10F6F80000000000000059400000000000408F405A
:10F70800000000000088C34000000000006AF840C4
:10F718000000000080842E4100000000D0126341E8
:10F728000000000084D797410000000065CDCD415E
:10F73800000000205FA00242000000E8764837423F
:10F74800000000A2941A6D42000040E59C30A242DD
:10F758000000901EC4BCD64200003426F56B0C4352
:10F768000080E03779C3414300A0D88557347643F9
:10F7780000C84E676DC1AB43003D9160E458E1435A
:10F78800408CB5781DAF154450EFE2D6E41A4B44CF
:10F7980092D54D06CFF08044F64AE1C7022DB54414
:10F7A800B49DD9794378EA440500000019000000A7
:10F7B8007D000000232D302B2000686C4C0065660E
:10F7C80067454647000020202020202020202028B0
:10F7D8002828282820202020202020202020202001
:10F7E8002020202020208810101010101010101039
:10F7F8001010101010100404040404040404040479
:10F8080010101010101010414141414141010101F7
:10F8180001010101010101010101010101010101D0
:10F8280001101010101010424242424242020202DD
:10F8380002020202020202020202020202020202A0
:10F84800021010101020000000000000000000004E
:10F8580000000000000000000000000000000000A0
:10F868000000000000000000000000000000000090
:10F878000000000000000000000000000000000080
:10F888000000000000000000000000000000000070
:10F898000000000000000000000000000000000060
:10F8A8000000000000000000000000000000000050
:10F8B8000000000000000000000000000000000040
:08F8C800000000000000000038
:08F8D0003C1AFF7F010000005B
:04F8D800C50100085E
:04F8DC00A10100087E
:10F8E00001000000100000002C01000000000000DA
:10F8F00000000000000000000024F40001000000EF
:10F90000240000200000000070F6000890F60008B7
:10F9100050F6000800000000000000000000000099
:10F9200000000000000000000000000000000000D7
:10F9300000000000000000000000000000000000C7
:10F9400000000000000000000000000000000000B7
:10F9500000000000000000000000000000000000A7
:10F960000000000043000000000000000000000054
:10F970000000000000000000000000000000000087
:10F980000000000043000000000000000000000034
:10F990000000000000000000000000000000000067
:10F9A0000000000043000000000000000000000014
:10F9B0000000000000000000000000000000000047
:10F9C00000000000430000000000000000000000F4
:10F9D0000000000000000000000000000000000027
:10F9E00000000000430000000000000000000000D4
:10F9F0000000000000000000000000000000000007
:10FA000000000000430000000000000000000000B3
:10FA100000000000000000000000000000000000E6
:10FA20000000000043000000000000000000000093
:10FA300000000000000000000000000000000000C6
:10FA40000000000033DE0008F5D2000800000000CE
:10FA5000CDF70008B8F60008C1F70008C1F70008A4
:10FA6000C1F70008C1F70008C1F70008C1F7000896
:10FA7000C1F70008C1F70008C1F70008FFFFFFFF4A
:10FA8000FFFFFFFFFFFFFFFFFFFF000001004153EB
:10FA90004349490000000000000000000000000091
:10FAA00000000000000000000000000000004153C2
:10FAB0004349490000000000000000000000000071
:10FAC0000000000000000000000000000000000036
:04000005080075E199
:00000001FF
